symboling,normalized_losses,num_of_doors,wheel_base,length,width,height,curb_weight,num_of_cylinders,engine_size,bore,stroke,compression_ratio,horsepower,peak_rpm,city_mpg,highway_mpg,price_target,make_alfa-romero,make_audi,make_bmw,make_chevrolet,make_dodge,make_honda,make_isuzu,make_jaguar,make_mazda,make_mercedes-benz,make_mercury,make_mitsubishi,make_nissan,make_peugot,make_plymouth,make_porsche,make_renault,make_saab,make_subaru,make_toyota,make_volkswagen,make_volvo,fuel_type_diesel,fuel_type_gas,aspiration_std,aspiration_turbo,body_style_convertible,body_style_hardtop,body_style_hatchback,body_style_sedan,body_style_wagon,drive_wheels_4wd,drive_wheels_fwd,drive_wheels_rwd,engine_location_front,engine_location_rear,engine_type_dohc,engine_type_l,engine_type_ohc,engine_type_ohcf,engine_type_ohcv,engine_type_rotor,fuel_system_1bbl,fuel_system_2bbl,fuel_system_4bbl,fuel_system_idi,fuel_system_mfi,fuel_system_mpfi,fuel_system_spdi,fuel_system_spfi
-0.6669766923099056,-0.5892154419448846,0.8450685175480038,-0.2939314030920652,-0.20791661747397905,-0.2463978449897793,-0.513239921318487,-0.4450154108117112,-0.30989478541371207,-0.4531676229688022,1.01625305080485,-1.93238300332017,-0.32318859575473563,-0.2576732901656588,0.16197664697969533,0.11183504229938833,0.16450213122232146,9960,0,0,0,0,0,0,0,0,0,0,0,0,0,0,0,0,0,0,1,0,0,0,0,1,1,0,0,0,0,1,0,0,1,0,1,0,0,0,0,1,0,0,0,0,0,0,0,1,0,0
-0.6669766923099056,2.1371778314186107,0.8450685175480038,0.34898075678122004,0.18374382456678165,-0.5331153373415265,0.19130296399954488,-0.34021623464110917,-0.30989478541371207,-0.4531676229688022,0.5826023302425797,-1.4343728870282613,-0.3710639548147833,-0.07252779503694495,1.4234111059072823,-0.33926428798385955,-0.2577493285996804,16925,0,0,1,0,0,0,0,0,0,0,0,0,0,0,0,0,0,0,0,0,0,0,0,1,1,0,0,0,0,1,0,0,0,1,1,0,0,0,1,0,0,0,0,0,0,0,0,1,0,0
-0.6669766923099056,-1.104200838024656,0.8450685175480038,-0.34214981508256115,-0.07736313679372625,-0.2463978449897793,0.42615059243888975,-0.2925802454726537,-0.30989478541371207,-0.4531676229688022,1.01625305080485,-1.93238300332017,-0.32318859575473563,-0.5750655675291684,-0.6789796589720293,-0.33926428798385955,-0.2577493285996804,8013,0,0,0,0,0,0,0,0,0,0,0,0,0,0,0,0,0,0,1,0,0,0,0,1,1,0,0,0,0,0,1,1,0,0,1,0,0,0,0,1,0,0,0,1,0,0,0,0,0,0
-0.6669766923099056,-0.40745589038731833,0.8450685175480038,0.22039832480656343,0.8201920428830148,0.2792508909884138,0.5044331352520056,0.9269010772398059,1.5265187577786539,1.2341125288563841,0.32963940991458957,0.02853182957922431,-0.32318859575473563,1.2763893837579705,0.16197664697969533,-0.9407300616948567,-0.8207512750290162,13499,0,0,0,0,0,0,0,0,0,0,0,0,1,0,0,0,0,0,0,0,0,0,0,1,1,0,0,0,0,1,0,0,1,0,1,0,0,0,0,0,1,0,0,0,0,0,0,1,0,0
-1.4459275738397224,-1.7100660098832106,0.8450685175480038,0.541854404743206,0.08582871405659032,0.2792508909884138,0.0347378783733159,-0.30401288287308303,-0.30989478541371207,-0.12957964864616378,-0.10401131064768064,0.868923900821822,-0.3950016343448076,-0.3105720030595771,-1.9404141178996162,0.26220148572713764,0.16450213122232146,9988,0,0,0,0,0,0,0,0,0,0,0,0,0,0,0,0,0,0,0,1,0,0,0,1,1,0,0,0,1,0,0,0,1,0,1,0,0,0,1,0,0,0,0,0,0,0,0,1,0,0
-0.6669766923099056,-0.9224412864670897,0.8450685175480038,-0.5350234630445472,-0.6730133923973803,-0.7242603322426846,-0.3175335642857,-0.9137535442293129,-0.30989478541371207,-0.6843018903421154,-0.5376620312099508,-0.718483344858641,-0.32318859575473563,-0.8924578448926779,-0.6789796589720293,1.91623236343238,2.2757594303323305,7738,0,0,0,0,0,0,0,0,0,0,0,0,0,0,0,0,0,0,0,1,0,0,0,1,1,0,0,0,0,1,0,0,1,0,1,0,0,0,1,0,0,0,0,1,0,0,0,0,0,0
0.8909250707497279,-4.304930967141406e-16,-1.1907783656358242,-0.48680505105405125,-0.15895906221888453,-0.34197034244036173,-0.9437939067906187,0.30572777848314675,-0.30989478541371207,-0.19891992885815774,0.32963940991458957,-0.09597069949375324,-0.27531323669468794,-0.36347071595349534,-0.25850150599616695,-0.18889784455611028,-0.2577493285996804,11048,0,0,0,0,0,0,1,0,0,0,0,0,0,0,0,0,0,0,0,0,0,0,0,1,1,0,0,0,1,0,0,0,0,1,1,0,0,0,1,0,0,0,0,0,0,0,0,0,0,1
-1.4459275738397224,-0.8012682520953788,0.8450685175480038,1.618732272530957,1.162894929668681,1.4261208603953892,0.6609982208782346,0.9307119563732823,-0.30989478541371207,0.3095754593631313,1.594454011554542,-0.34497575763970834,-0.203500198104616,0.27131383877352366,0.5824547999555576,-0.9407300616948567,-0.8207512750290162,22625,0,0,0,0,0,0,0,0,0,0,0,0,0,0,0,0,0,0,0,0,0,1,0,1,0,1,0,0,0,1,0,0,0,1,1,0,0,0,1,0,0,0,0,0,0,0,0,1,0,0
0.1119741892199112,0.9860340048873572,0.8450685175480038,-0.8564795429811898,-0.5914174669722221,-1.0109778245944319,-1.1786415352299635,-1.1138246987368257,-0.30989478541371207,-0.8692093042407659,-1.332688352240778,-0.09597069949375324,-0.22743787763463985,-0.9453565577865961,0.7926938764434888,0.8636672594381348,1.009005050866325,6692,0,0,0,0,0,0,0,0,0,0,0,0,0,0,1,0,0,0,0,0,0,0,0,1,1,0,0,0,0,1,0,0,1,0,1,0,0,0,1,0,0,0,0,1,0,0,0,0,0,0
0.1119741892199112,-0.10452330445804103,-1.1907783656358242,-0.8564795429811898,-1.4073767212238049,-1.0109778245944319,-1.1786415352299635,-1.3291393697782443,-0.30989478541371207,-0.8692093042407659,-1.332688352240778,-0.09597069949375324,-0.2250441096816375,-0.9453565577865961,0.7926938764434888,1.7658659200046305,1.431256510688327,5572,0,0,0,0,1,0,0,0,0,0,0,0,0,0,0,0,0,0,0,0,0,0,0,1,1,0,0,0,1,0,0,0,1,0,1,0,0,0,1,0,0,0,0,1,0,0,0,0,0,0
-0.6669766923099056,1.1980868150378512,0.8450685175480038,1.4258586245689733,0.9915434862758469,1.1871896167689366,1.1306934777569244,1.2927454740535438,-0.30989478541371207,0.5638231534737758,1.3053535311796967,0.8066726362853333,2.549332947848136,-0.2312239337186997,-2.045533656143582,0.41256792915488694,0.3052526178296554,16900,0,0,0,0,0,0,0,0,0,0,0,0,0,1,0,0,0,0,0,0,0,0,1,0,0,1,0,0,0,1,0,0,0,1,1,0,0,1,0,0,0,0,0,0,0,1,0,0,0,0
-2.2248784553695393,-0.558922183351957,0.8450685175480038,0.8472376806830152,1.162894929668681,0.6137546320654489,0.9349871207241374,0.8983194837387326,-0.30989478541371207,0.055327765252486776,1.01625305080485,-0.34497575763970834,-0.6822537887050946,1.5408829482275617,-0.04826242950823582,-1.2414629485503552,-1.243002734851018,18420,0,0,0,0,0,0,0,0,0,0,0,0,0,0,0,0,0,0,0,0,0,1,0,1,0,1,0,0,0,1,0,0,0,1,1,0,0,0,1,0,0,0,0,0,0,0,0,1,0,0
1.6698759522795446,0.8648609705156463,-1.1907783656358242,-0.5993146790318766,-0.4527043937494539,-0.10303909881390906,-1.6483367921086505,-0.3687978281421825,-2.1463083286060782,-1.3314778389873922,1.6048300487117391e-15,1.382255744008825e-15,-0.22743787763463985,-0.07252779503694495,1.8438892588831446,-1.2414629485503552,-1.102252248243684,10945,0,0,0,0,0,0,0,0,1,0,0,0,0,0,0,0,0,0,0,0,0,0,0,1,1,0,0,0,1,0,0,0,0,1,1,0,0,0,0,0,0,1,0,0,1,0,0,0,0,0
1.6698759522795446,2.1977643486044665,-1.1907783656358242,-1.2422268389051618,-0.31399132052668577,0.948258373142484,-1.6091955207020925,0.9478609124739262,1.5265187577786539,1.2341125288563841,0.32963940991458957,0.02853182957922431,-0.32318859575473563,1.4879842353336434,0.16197664697969533,-0.9407300616948567,-0.8207512750290162,17199,0,0,0,0,0,0,0,0,0,0,0,0,1,0,0,0,0,0,0,0,0,0,0,1,1,0,0,0,1,0,0,0,0,1,1,0,0,0,0,0,1,0,0,0,0,0,0,1,0,0
0.8909250707497279,1.1980868150378512,-1.1907783656358242,-0.8564795429811898,-1.4073767212238049,-0.7242603322426846,-1.1786415352299635,-1.2491109079752392,-0.30989478541371207,-0.8229824507661033,-1.332688352240778,-0.09597069949375324,-0.22743787763463985,-0.9453565577865961,0.7926938764434888,1.7658659200046305,1.431256510688327,5389,0,0,0,0,0,0,0,0,0,0,0,1,0,0,0,0,0,0,0,0,0,0,0,1,1,0,0,0,1,0,0,0,1,0,1,0,0,0,1,0,0,0,0,1,0,0,0,0,0,0
-0.6669766923099056,-4.304930967141406e-16,0.8450685175480038,3.51532314415715,2.7376962903742346,2.764135824703523,1.1306934777569244,2.5274703132999092,3.36293230097102,4.169517724497462,1.6667291316482535,0.2775368877251794,-0.5625653910549749,2.1227687900606624,-1.3096968884358227,-1.6925622788336032,-2.087505654495022,40960,0,0,0,0,0,0,0,0,0,1,0,0,0,0,0,0,0,0,0,0,0,0,0,1,1,0,0,0,0,1,0,0,0,1,1,0,0,0,0,0,1,0,0,0,0,0,0,1,0,0
-0.6669766923099056,-0.9830278036529452,0.8450685175480038,-0.32607701108572995,-0.08552272933624161,-0.2463978449897793,-0.3175335642857,-0.2258898606368161,-0.30989478541371207,-0.4531676229688022,1.01625305080485,-1.93238300332017,-0.32318859575473563,-0.2576732901656588,0.16197664697969533,-0.03853140112836097,0.023751644614987504,10198,0,0,0,0,0,0,0,0,0,0,0,0,0,0,0,0,0,0,1,0,0,0,0,1,1,0,0,0,0,0,1,0,1,0,1,0,0,0,0,1,0,0,0,0,0,0,0,1,0,0
-0.6669766923099056,1.1980868150378512,0.8450685175480038,1.4258586245689733,0.9915434862758469,1.1871896167689366,1.1306934777569244,1.1879462978829418,-0.30989478541371207,0.5638231534737758,1.3053535311796967,0.8066726362853333,2.549332947848136,-0.2312239337186997,-2.045533656143582,0.41256792915488694,0.3052526178296554,13200,0,0,0,0,0,0,0,0,0,0,0,0,0,1,0,0,0,0,0,0,0,0,1,0,0,1,0,0,0,1,0,0,0,1,1,0,0,1,0,0,0,0,0,0,0,1,0,0,0,0
0.8909250707497279,-1.1647873552105115,-1.1907783656358242,-0.8564795429811898,-1.4400150913938687,-1.2021228194955933,-0.0435446644397972,-0.9975928851657945,-0.30989478541371207,-0.7074153170794467,1.01625305080485,-2.803900706831013,-0.32318859575473563,-0.918907201339637,-0.4687405824840981,0.8636672594381348,0.7275040776516573,5118,0,0,0,0,0,0,0,0,0,0,0,0,0,0,0,0,0,0,1,0,0,0,0,1,1,0,0,0,1,0,0,0,1,0,1,0,0,0,0,1,0,0,0,1,0,0,0,0,0,0
0.8909250707497279,1.2889665908166343,0.8450685175480038,0.05967028483824212,0.1674246394817486,0.231464642263126,0.19130296399954488,0.4772173394895864,0.608311986182471,0.1940083256764747,-0.5376620312099508,0.43316504906640063,-0.5625653910549749,0.29776319522048283,0.7926938764434888,-1.091096505122606,-1.243002734851018,17450,0,1,0,0,0,0,0,0,0,0,0,0,0,0,0,0,0,0,0,0,0,0,0,1,1,0,0,0,0,1,0,1,0,0,1,0,0,0,1,0,0,0,0,0,0,0,0,1,0,0
0.1119741892199112,0.10752950569245306,0.8450685175480038,-0.43858663906355533,-0.17527824730391528,-0.2463978449897793,-0.8655113639775028,-0.32497271810720346,-0.30989478541371207,-0.4069407694941396,-0.6099371513036626,0.6199188426758669,-0.6822537887050946,0.32421255166744195,0.7926938764434888,-0.33926428798385955,-0.11699884199234645,9279,0,0,0,0,0,0,0,0,0,0,0,1,0,0,0,0,0,0,0,0,0,0,0,1,0,1,0,0,0,1,0,0,1,0,1,0,0,0,1,0,0,0,0,0,0,0,0,0,1,0
-0.6669766923099056,0.19840928147123624,0.8450685175480038,0.22039832480656343,0.5835638591500554,0.2792508909884138,0.5044331352520056,0.9935914620756434,1.5265187577786539,1.2341125288563841,0.32963940991458957,0.02853182957922431,-0.32318859575473563,1.2763893837579705,0.16197664697969533,-1.2414629485503552,-1.243002734851018,13499,0,0,0,0,0,0,0,0,0,0,0,0,1,0,0,0,0,0,0,0,0,0,0,1,1,0,0,0,0,1,0,0,1,0,1,0,0,0,0,0,1,0,0,0,0,0,0,1,0,0
-0.6669766923099056,-4.304930967141406e-16,-1.1907783656358242,0.4775631887558766,1.3995231134016382,2.2384870887253228,-2.352879677426685,2.6227422916368197,7.035759387355752,4.585559405769425,0.7271525704300031,-1.5588754161012388,0.2752533924958626,4.185818592923474,-0.25850150599616695,-1.8429287222613524,-1.9467551678876878,36000,0,0,0,0,0,0,0,1,0,0,0,0,0,0,0,0,0,0,0,0,0,0,0,1,1,0,0,0,0,1,0,0,0,1,1,0,0,0,0,0,1,0,0,0,0,0,0,1,0,0
0.1119741892199112,0.19840928147123624,-1.1907783656358242,-0.7278971110065332,-0.7301305401949926,-1.0109778245944319,-0.20010975006602896,-1.0395125556340352,-0.30989478541371207,-0.7074153170794467,-0.6822122713973743,0.09078309411571309,-0.22743787763463985,-0.918907201339637,0.16197664697969533,0.8636672594381348,0.8682545642589912,7799,0,0,0,0,0,0,0,0,0,0,0,0,1,0,0,0,0,0,0,0,0,0,0,1,1,0,0,0,1,0,0,0,1,0,1,0,0,0,1,0,0,0,0,1,0,0,0,0,0,0
1.6698759522795446,1.9554182798610444,-1.1907783656358242,-0.7278971110065332,-0.4608639862919693,1.139403368043642,-1.4134891636693057,0.38956711941962835,-0.30989478541371207,0.5407097267364445,2.1726549723042354,-0.4694782867126859,-0.203500198104616,1.0383451757353384,0.7926938764434888,-0.9407300616948567,-0.5392503018143483,22018,0,0,0,0,0,0,0,0,0,0,0,0,0,0,0,1,0,0,0,0,0,0,0,1,1,0,0,0,1,0,0,0,0,1,1,0,0,0,1,0,0,0,0,0,0,0,0,1,0,0
1.6698759522795446,-4.304930967141406e-16,-1.1907783656358242,-1.5315373108481398,-0.4608639862919693,-0.4375428398909441,-0.8655113639775028,0.34764744895138755,1.5265187577786539,1.5345870764416911,1.4499037713671201,-1.1231165643458174,-0.203500198104616,2.731103988340722,1.6336501823952134,-1.2414629485503552,-0.8207512750290162,32528,0,0,0,0,0,0,0,0,0,0,0,0,0,0,0,1,0,0,0,0,0,0,0,1,1,0,0,1,0,0,0,0,0,1,0,1,0,0,0,1,0,0,0,0,0,0,0,1,0,0
-0.6669766923099056,-0.3468693732014628,0.8450685175480038,-0.4064410310698906,-0.9096415761303398,-0.9154053271438495,0.26958550681266075,-1.073810467835323,-0.30989478541371207,-0.8229824507661033,-1.5495137125219132,0.46429068133464574,-0.27531323669468794,-0.7337617062109231,1.8438892588831446,0.7133008160103855,0.4460031044369894,7295,0,0,0,0,0,1,0,0,0,0,0,0,0,0,0,0,0,0,0,0,0,0,0,1,1,0,0,0,0,1,0,0,1,0,1,0,0,0,1,0,0,0,1,0,0,0,0,0,0,0
0.1119741892199112,-4.304930967141406e-16,-1.1907783656358242,0.5900728167337019,0.3142973052470344,0.9960446218677718,0.3870093210323318,0.6410851422290731,-0.30989478541371207,0.28646203262579994,1.594454011554542,-0.4383526544444408,-0.5625653910549749,1.8847245820380303,-0.25850150599616695,-0.9407300616948567,-0.9615017616363501,16503,0,0,0,0,0,0,0,0,0,0,1,0,0,0,0,0,0,0,0,0,0,0,0,1,0,1,0,0,1,0,0,0,0,1,1,0,0,0,1,0,0,0,0,0,0,0,0,1,0,0
-1.4459275738397224,-1.4374266825468611,0.8450685175480038,0.6865096407146939,0.004232788631432034,-0.628687834792109,2.344072891360201,-0.07345469529775865,-0.30989478541371207,-0.12957964864616378,0.040538929539742766,0.6199188426758669,-0.4428769934048553,-0.41636942884741357,-0.25850150599616695,-0.18889784455611028,-0.11699884199234645,8921,0,0,0,0,0,0,0,0,0,0,0,0,0,0,1,0,0,0,0,0,0,0,0,1,1,0,0,0,0,0,1,0,1,0,1,0,0,0,1,0,0,0,0,1,0,0,0,0,0,0
-1.4459275738397224,-0.8618547692812342,0.8450685175480038,2.6634645323250457,2.288918700535864,2.764135824703523,0.9741283921306926,2.2797631696239407,0.608311986182471,1.2803393823310467,0.8717028106174265,1.180180223504266,2.6690213454982556,0.5093580467961558,-1.6250555031677194,-0.48963073141160884,-0.8207512750290162,31600,0,0,0,0,0,0,0,0,0,1,0,0,0,0,0,0,0,0,0,0,0,0,1,0,0,1,0,0,0,1,0,0,0,1,1,0,0,0,1,0,0,0,0,0,0,1,0,0,0,0
0.1119741892199112,0.9860340048873572,0.8450685175480038,-0.8564795429811898,-1.4073767212238049,-1.0109778245944319,-1.2569240780430766,-1.1557443692050666,-0.30989478541371207,-0.8692093042407659,-1.332688352240778,-0.09597069949375324,-0.22743787763463985,-0.9453565577865961,0.7926938764434888,0.8636672594381348,1.009005050866325,6229,0,0,0,0,0,0,0,0,0,0,0,0,0,0,1,0,0,0,0,0,0,0,0,1,1,0,0,0,1,0,0,0,1,0,1,0,0,0,1,0,0,0,0,1,0,0,0,0,0,0
-1.4459275738397224,-0.8012682520953788,0.8450685175480038,1.618732272530957,1.162894929668681,1.4261208603953892,0.6609982208782346,0.7211136040320782,-0.30989478541371207,0.3095754593631313,1.594454011554542,-0.34497575763970834,-0.203500198104616,0.27131383877352366,0.5824547999555576,-0.33926428798385955,-0.39849981520701433,16845,0,0,0,0,0,0,0,0,0,0,0,0,0,0,0,0,0,0,0,0,0,1,0,1,1,0,0,0,0,1,0,0,0,1,1,0,0,0,1,0,0,0,0,0,0,0,0,1,0,0
1.6698759522795446,-4.304930967141406e-16,-1.1907783656358242,-1.5315373108481398,-0.4608639862919693,-0.4375428398909441,-0.8655113639775028,0.34764744895138755,1.5265187577786539,1.5345870764416911,1.4499037713671201,-1.1231165643458174,-0.203500198104616,2.731103988340722,1.6336501823952134,-1.2414629485503552,-0.8207512750290162,34028,0,0,0,0,0,0,0,0,0,0,0,0,0,0,0,1,0,0,0,0,0,0,0,1,1,0,0,1,0,0,0,0,0,1,0,1,0,0,0,1,0,0,0,0,0,0,0,1,0,0
-1.4459275738397224,-1.4374266825468611,0.8450685175480038,0.8472376806830152,1.162894929668681,0.6137546320654489,1.4438236490093823,0.8773596485046121,-0.30989478541371207,0.3095754593631313,1.594454011554542,-0.34497575763970834,-0.203500198104616,0.27131383877352366,0.5824547999555576,-0.33926428798385955,-0.39849981520701433,13415,0,0,0,0,0,0,0,0,0,0,0,0,0,0,0,0,0,0,0,0,0,1,0,1,1,0,0,0,0,0,1,0,0,1,1,0,0,0,1,0,0,0,0,0,0,0,0,1,0,0
0.1119741892199112,0.22870254006416396,-1.1907783656358242,-0.03676653914275204,0.26533974999193993,0.2792508909884138,-0.0435446644397972,-0.3592706303084914,-0.30989478541371207,-0.12957964864616378,0.18508916972716616,0.40203941679815697,-0.41893931387483146,-0.5221668546352501,-0.6789796589720293,0.11183504229938833,0.16450213122232146,8845,0,0,0,0,0,0,0,0,1,0,0,0,0,0,0,0,0,0,0,0,0,0,0,1,1,0,0,0,1,0,0,0,1,0,1,0,0,0,1,0,0,0,0,1,0,0,0,0,0,0
-0.6669766923099056,-4.304930967141406e-16,0.8450685175480038,0.22039832480656343,0.6977981547452775,0.47039588588957865,0.5044331352520056,-0.02010238742908855,-0.30989478541371207,-0.4300541962314709,-0.5376620312099508,0.43316504906640063,-0.32318859575473563,-0.41636942884741357,0.7926938764434888,-0.03853140112836097,0.023751644614987504,12290,0,0,0,0,0,0,0,0,0,0,0,0,0,0,0,0,0,0,0,0,1,0,0,1,1,0,0,0,0,0,1,0,1,0,1,0,0,0,1,0,0,0,0,0,0,0,0,1,0,0
-0.6669766923099056,-4.304930967141406e-16,0.8450685175480038,2.438445276369397,1.9870137764627793,1.1871896167689366,1.1306934777569244,1.355624979755905,-0.30989478541371207,-0.1758065021208264,0.43805209005515633,-3.333036455391167,-0.46681467293487916,-0.2312239337186997,-0.25850150599616695,-0.9407300616948567,-0.9615017616363501,16695,0,0,0,0,0,0,0,0,0,0,0,0,0,1,0,0,0,0,0,0,0,0,0,1,1,0,0,0,0,0,1,0,0,1,1,0,0,1,0,0,0,0,0,0,0,0,0,1,0,0
0.8909250707497279,0.4710486088075858,-1.1907783656358242,-1.9976486267562725,-2.4436449741233166,-0.9631915758691406,-1.1786415352299635,-1.4377494250823228,-0.30989478541371207,-0.8229824507661033,-1.5495137125219132,0.46429068133464574,-0.27531323669468794,-0.7337617062109231,1.8438892588831446,0.8636672594381348,1.009005050866325,6855,0,0,0,0,0,1,0,0,0,0,0,0,0,0,0,0,0,0,0,0,0,0,0,1,1,0,0,0,1,0,0,0,1,0,1,0,0,0,1,0,0,0,1,0,0,0,0,0,0,0
-1.4459275738397224,-0.8012682520953788,0.8450685175480038,1.618732272530957,1.162894929668681,1.3783346116700947,0.6609982208782346,0.9059412420056855,-0.30989478541371207,0.3095754593631313,1.594454011554542,-0.34497575763970834,-0.3950016343448076,1.4879842353336434,0.3722157234676265,-0.9407300616948567,-0.8207512750290162,19045,0,0,0,0,0,0,0,0,0,0,0,0,0,0,0,0,0,0,0,0,0,1,0,1,0,1,0,0,0,1,0,0,0,1,1,0,0,0,1,0,0,0,0,0,0,0,0,1,0,0
0.8909250707497279,-0.8315615106883065,0.8450685175480038,-0.27785859909523397,-0.23239539510152746,-0.19861159626449149,0.7392807636913505,-0.6889116753542031,-0.30989478541371207,-0.4300541962314709,-0.5376620312099508,0.43316504906640063,-0.32318859575473563,-0.495717498188291,0.2670961852236609,0.26220148572713764,0.4460031044369894,8195,0,0,0,0,0,0,0,0,0,0,0,0,0,0,0,0,0,0,0,0,1,0,0,1,1,0,0,0,0,1,0,0,1,0,1,0,0,0,1,0,0,0,0,0,0,0,0,1,0,0
0.8909250707497279,1.1980868150378512,-1.1907783656358242,-0.8564795429811898,-1.4073767212238049,-0.7242603322426846,-1.1786415352299635,-1.1995694792400455,-0.30989478541371207,-0.8229824507661033,-1.332688352240778,-0.09597069949375324,-0.22743787763463985,-0.9453565577865961,0.7926938764434888,0.8636672594381348,1.009005050866325,6189,0,0,0,0,0,0,0,0,0,0,0,1,0,0,0,0,0,0,0,0,0,0,0,1,1,0,0,0,1,0,0,0,1,0,1,0,0,0,1,0,0,0,0,1,0,0,0,0,0,0
-0.6669766923099056,1.1980868150378512,0.8450685175480038,1.4258586245689733,0.9915434862758469,1.1871896167689366,1.1306934777569244,0.9554826707408791,-0.30989478541371207,-0.1758065021208264,0.43805209005515633,-3.333036455391167,-0.46681467293487916,-0.2312239337186997,-0.25850150599616695,-0.9407300616948567,-0.9615017616363501,15580,0,0,0,0,0,0,0,0,0,0,0,0,0,1,0,0,0,0,0,0,0,0,0,1,1,0,0,0,0,1,0,0,0,1,1,0,0,1,0,0,0,0,0,0,0,0,0,1,0,0
-0.6669766923099056,-0.4680424075731738,0.8450685175480038,-0.2939314030920652,-0.09368232187875698,-0.34197034244036173,0.34786804962577667,-0.5174221143477634,-0.30989478541371207,-0.1758065021208264,-0.03173619055396894,0.6510444749441121,-0.4428769934048553,-0.17832522082478144,0.16197664697969533,0.26220148572713764,0.4460031044369894,9549,0,0,0,0,0,0,0,0,0,0,0,0,1,0,0,0,0,0,0,0,0,0,0,1,1,0,0,0,0,1,0,0,1,0,1,0,0,0,1,0,0,0,0,1,0,0,0,0,0,0
0.8909250707497279,-0.013643528679257848,-1.1907783656358242,-1.7083381548132923,-2.7292307131113707,-2.6834965299796005,-0.23925102147258412,-2.068449921672673,-1.2281015570098952,-1.5394986796233743,-1.5495137125219132,-0.718483344858641,-0.203500198104616,-1.4743436867257786,-0.04826242950823582,3.2695303542821237,3.1202623499763344,5151,0,0,0,1,0,0,0,0,0,0,0,0,0,0,0,0,0,0,0,0,0,0,0,1,1,0,0,0,1,0,0,0,1,0,1,0,0,1,0,0,0,0,0,1,0,0,0,0,0,0
0.1119741892199112,-0.6195087005378124,-1.1907783656358242,-0.8564795429811898,-2.0030269768274613,-0.9154053271438495,-0.474098649911929,-1.1767042044391869,-0.30989478541371207,-0.8229824507661033,-1.5495137125219132,0.46429068133464574,-0.27531323669468794,-0.7337617062109231,1.8438892588831446,0.7133008160103855,0.4460031044369894,7129,0,0,0,0,0,1,0,0,0,0,0,0,0,0,0,0,0,0,0,0,0,0,0,1,1,0,0,0,1,0,0,0,1,0,1,0,0,0,1,0,0,0,1,0,0,0,0,0,0,0
-0.6669766923099056,1.1980868150378512,0.8450685175480038,1.4258586245689733,0.9915434862758469,1.1871896167689366,1.1306934777569244,0.8506834945702771,-0.30989478541371207,-0.1758065021208264,0.43805209005515633,-0.2204732285667308,-0.46681467293487916,-0.17832522082478144,-0.25850150599616695,-0.9407300616948567,-0.9615017616363501,11900,0,0,0,0,0,0,0,0,0,0,0,0,0,1,0,0,0,0,0,0,0,0,0,1,1,0,0,0,0,1,0,0,0,1,1,0,0,1,0,0,0,0,0,0,0,0,0,1,0,0
-0.6669766923099056,-1.225373872396367,0.8450685175480038,-0.7278971110065332,-1.2849828330860675,-1.1065503220450108,-0.7089462783512739,-1.266259864075883,-0.30989478541371207,-0.8692093042407659,-1.1158629919596446,-0.4694782867126859,-0.17956251857459216,-0.8924578448926779,0.5824547999555576,1.91623236343238,1.7127574839029949,6575,0,0,0,1,0,0,0,0,0,0,0,0,0,0,0,0,0,0,0,0,0,0,0,1,1,0,0,0,0,1,0,0,1,0,1,0,0,0,1,0,0,0,0,1,0,0,0,0,0,0
-0.6669766923099056,-1.104200838024656,0.8450685175480038,-0.4064410310698906,0.06950952897155958,-0.34197034244036173,0.11302042118643178,-0.20683546496943392,-0.30989478541371207,-0.4069407694941396,-0.6822122713973743,0.9934264298947997,-0.32318859575473563,-0.07252779503694495,1.4234111059072823,-0.18889784455611028,-0.39849981520701433,12945,0,0,0,0,0,1,0,0,0,0,0,0,0,0,0,0,0,0,0,0,0,0,0,1,1,0,0,0,0,1,0,0,1,0,1,0,0,0,1,0,0,0,0,0,0,0,0,1,0,0
0.1119741892199112,0.19840928147123624,-1.1907783656358242,-0.7278971110065332,-0.7546093178225386,-1.0109778245944319,0.26958550681266075,-1.0604723908681557,-0.30989478541371207,-0.5687347566554588,-1.2604132321470662,0.6510444749441121,2.764772063618351,-1.2891981915970647,-0.6789796589720293,2.968797467426625,2.6980108901543325,7099,0,0,0,0,0,0,0,0,0,0,0,0,1,0,0,0,0,0,0,0,0,0,1,0,1,0,0,0,0,1,0,0,1,0,1,0,0,0,1,0,0,0,0,0,0,1,0,0,0,0
-0.6669766923099056,2.0160047970468997,0.8450685175480038,0.34898075678122004,0.18374382456678165,-0.5331153373415265,0.19130296399954488,0.3647964050520315,1.5265187577786539,0.8411842743217516,-0.10401131064768064,-0.2204732285667308,-0.32318859575473563,0.4564593339022376,-1.8352945796556506,-0.6399971748393581,-0.39849981520701433,21105,0,0,1,0,0,0,0,0,0,0,0,0,0,0,0,0,0,0,0,0,0,0,0,1,1,0,0,0,0,1,0,0,0,1,1,0,0,0,1,0,0,0,0,0,0,0,0,1,0,0
1.6698759522795446,0.9557407462944294,-1.1907783656358242,-0.43858663906355533,-0.12632069204882077,-0.2463978449897793,-1.7266193349217664,-0.38785222380956463,-0.30989478541371207,-0.4069407694941396,-0.6099371513036626,0.6199188426758669,-0.6822537887050946,0.32421255166744195,0.7926938764434888,-0.33926428798385955,-0.11699884199234645,9959,0,0,0,0,0,0,0,0,0,0,0,1,0,0,0,0,0,0,0,0,0,0,0,1,0,1,0,0,1,0,0,0,1,0,1,0,0,0,1,0,0,0,0,0,0,0,0,0,1,0
1.6698759522795446,-4.304930967141406e-16,-1.1907783656358242,-1.5315373108481398,-0.4608639862919693,-0.4375428398909441,-0.8655113639775028,0.43148678988786915,1.5265187577786539,1.5345870764416911,1.4499037713671201,-1.1231165643458174,-0.203500198104616,2.731103988340722,1.6336501823952134,-1.2414629485503552,-0.8207512750290162,37028,0,0,0,0,0,0,0,0,0,0,0,0,0,0,0,1,0,0,0,0,0,0,0,1,1,0,1,0,0,0,0,0,0,1,0,1,0,0,0,1,0,0,0,0,0,0,0,1,0,0
0.8909250707497279,0.3801688330288026,-1.1907783656358242,-0.1010577551300792,0.13478626931168483,-0.15082534753920368,-0.7089462783512739,-0.06392749746406756,-0.30989478541371207,0.42514259304978785,1.01625305080485,0.7444213717488445,-0.2513755571646637,0.32421255166744195,-0.6789796589720293,-0.18889784455611028,-0.11699884199234645,8449,0,0,0,0,0,0,0,0,0,0,0,0,0,0,0,0,0,0,0,1,0,0,0,1,1,0,0,1,0,0,0,0,0,1,1,0,0,0,1,0,0,0,0,0,0,0,0,1,0,0
-0.6669766923099056,1.1980868150378512,0.8450685175480038,1.4258586245689733,0.9915434862758469,1.1871896167689366,1.1306934777569244,0.9554826707408791,-0.30989478541371207,-0.1758065021208264,0.43805209005515633,-0.2204732285667308,-0.46681467293487916,-0.17832522082478144,-0.25850150599616695,-0.9407300616948567,-0.9615017616363501,16630,0,0,0,0,0,0,0,0,0,0,0,0,0,1,0,0,0,0,0,0,0,0,0,1,1,0,0,0,0,1,0,0,0,1,1,0,0,1,0,0,0,0,0,0,0,0,0,1,0,0
-0.6669766923099056,-4.304930967141406e-16,0.8450685175480038,-0.7600427190001979,-0.31399132052668577,-1.9667027991002424,-0.12182720725291309,-0.45073172951192586,-0.30989478541371207,-0.38382734275680824,-0.10401131064768064,-0.09597069949375324,-0.4428769934048553,-0.6808629933170048,-0.6789796589720293,-0.18889784455611028,-0.2577493285996804,6785,0,0,0,0,0,0,1,0,0,0,0,0,0,0,0,0,0,0,0,0,0,0,0,1,1,0,0,0,0,1,0,0,0,1,1,0,0,0,1,0,0,0,0,1,0,0,0,0,0,0
1.6698759522795446,-4.304930967141406e-16,-1.1907783656358242,-0.5028778550508824,-0.11000150696379003,0.18367839353783139,-1.4134891636693057,0.4943662955902303,-0.30989478541371207,0.6562768604231011,0.8717028106174265,1.8649441334056411,-0.8019421863552143,1.0912438886292566,-0.25850150599616695,-0.9407300616948567,-0.9615017616363501,12629,0,0,0,0,0,0,0,0,0,0,0,1,0,0,0,0,0,0,0,0,0,0,0,1,0,1,0,0,1,0,0,0,1,0,1,0,0,0,1,0,0,0,0,0,0,0,0,0,1,0
1.6698759522795446,0.9557407462944294,-1.1907783656358242,-0.43858663906355533,-0.12632069204882077,-0.2463978449897793,-1.7266193349217664,-0.4678806856125698,-0.30989478541371207,-0.12957964864616378,0.040538929539742766,0.6199188426758669,-0.4428769934048553,-0.41636942884741357,-0.25850150599616695,-0.03853140112836097,0.16450213122232146,8499,0,0,0,0,0,0,0,0,0,0,0,1,0,0,0,0,0,0,0,0,0,0,0,1,1,0,0,0,1,0,0,0,1,0,1,0,0,0,1,0,0,0,0,1,0,0,0,0,0,0
0.1119741892199112,-0.2559895974226797,0.8450685175480038,-0.952916366962184,-0.6322154296848012,-0.819832829693267,0.11302042118643178,-1.1976640396733074,-0.30989478541371207,-0.8460958775034346,-1.1158629919596446,-0.34497575763970834,-0.32318859575473563,-0.9453565577865961,-0.25850150599616695,0.8636672594381348,1.009005050866325,6695,0,0,0,0,0,0,0,0,1,0,0,0,0,0,0,0,0,0,0,0,0,0,0,1,1,0,0,0,0,1,0,0,1,0,1,0,0,0,1,0,0,0,0,1,0,0,0,0,0,0
0.1119741892199112,-1.0436143208388007,-1.1907783656358242,-0.5350234630445472,-1.2931424256285853,-1.1065503220450108,0.26958550681266075,-1.0166472808331766,-0.30989478541371207,-0.8229824507661033,-1.0435878718659328,-0.718483344858641,-0.32318859575473563,-1.1040526964683508,-0.6789796589720293,0.8636672594381348,1.009005050866325,6338,0,0,0,0,0,0,0,0,0,0,0,0,0,0,0,0,0,0,0,1,0,0,0,1,1,0,0,0,1,0,0,0,1,0,1,0,0,0,1,0,0,0,0,1,0,0,0,0,0,0
1.6698759522795446,-4.304930967141406e-16,-1.1907783656358242,-1.67619254681963,-0.46902357883448464,-0.8676190784185616,-1.9614669633611113,-0.04868398093016182,-0.30989478541371207,0.055327765252486776,0.47418965010201297,-1.8078804742471926,-0.32318859575473563,0.19196576943264632,-0.25850150599616695,-0.6399971748393581,-0.5392503018143483,13495,1,0,0,0,0,0,0,0,0,0,0,0,0,0,0,0,0,0,0,0,0,0,0,1,1,0,1,0,0,0,0,0,0,1,1,0,1,0,0,0,0,0,0,0,0,0,0,1,0,0
0.1119741892199112,-0.558922183351957,0.8450685175480038,-0.7278971110065332,-0.3547892832392649,-1.0109778245944319,-0.12182720725291309,-1.0223635995333913,-0.30989478541371207,-0.7074153170794467,-0.6822122713973743,0.09078309411571309,-0.22743787763463985,-0.918907201339637,0.16197664697969533,0.8636672594381348,0.8682545642589912,7999,0,0,0,0,0,0,0,0,0,0,0,0,1,0,0,0,0,0,0,0,0,0,0,1,1,0,0,0,0,0,1,0,1,0,1,0,0,0,1,0,0,0,0,1,0,0,0,0,0,0
0.8909250707497279,0.016649729913669878,-1.1907783656358242,-0.27785859909523397,-0.23239539510152746,-0.19861159626449149,0.7392807636913505,-0.5955451365840304,-0.30989478541371207,-0.7074153170794467,-1.188138112053356,0.43316504906640063,3.0280865384486146,-1.3685462609379422,-0.6789796589720293,1.7658659200046305,2.135008943724997,7775,0,0,0,0,0,0,0,0,0,0,0,0,0,0,0,0,0,0,0,0,1,0,1,0,1,0,0,0,0,1,0,0,1,0,1,0,0,0,1,0,0,0,0,0,0,1,0,0,0,0
-0.6669766923099056,-1.104200838024656,0.8450685175480038,-0.34214981508256115,-0.07736313679372625,-0.2463978449897793,0.42615059243888975,0.14567085487713644,-0.30989478541371207,-0.4531676229688022,1.01625305080485,-1.93238300332017,-0.6343784296450466,0.19196576943264632,-0.6789796589720293,-0.33926428798385955,-1.102252248243684,11694,0,0,0,0,0,0,0,0,0,0,0,0,0,0,0,0,0,0,1,0,0,0,0,1,0,1,0,0,0,0,1,1,0,0,1,0,0,0,0,1,0,0,0,0,0,0,0,1,0,0
-0.6669766923099056,-4.304930967141406e-16,0.8450685175480038,0.22039832480656343,0.461169971012318,0.47039588588957865,0.5044331352520056,0.010384645638722942,-0.30989478541371207,-0.7074153170794467,-1.188138112053356,0.43316504906640063,3.0280865384486146,-0.9453565577865961,-1.3096968884358227,1.1644001462936333,1.009005050866325,13845,0,0,0,0,0,0,0,0,0,0,0,0,0,0,0,0,0,0,0,0,1,0,1,0,0,1,0,0,0,1,0,0,1,0,1,0,0,0,1,0,0,0,0,0,0,1,0,0,0,0
-0.6669766923099056,-1.225373872396367,0.8450685175480038,-0.5350234630445472,-0.395587245951844,-1.1065503220450108,2.070083991514301,-0.5402873891486221,-0.30989478541371207,-0.8229824507661033,-1.0435878718659328,-0.718483344858641,-0.32318859575473563,-1.1040526964683508,-0.6789796589720293,0.26220148572713764,0.16450213122232146,7898,0,0,0,0,0,0,0,0,0,0,0,0,0,0,0,0,0,0,0,1,0,0,0,1,1,0,0,0,0,0,1,1,0,0,1,0,0,0,1,0,0,0,0,1,0,0,0,0,0,0
0.1119741892199112,-1.0436143208388007,-1.1907783656358242,-0.5350234630445472,-1.2931424256285853,-1.1065503220450108,0.26958550681266075,-1.1214464570037785,-0.30989478541371207,-0.8229824507661033,-1.0435878718659328,-0.718483344858641,-0.32318859575473563,-1.1040526964683508,-0.6789796589720293,1.465133033149132,1.149755537473659,5348,0,0,0,0,0,0,0,0,0,0,0,0,0,0,0,0,0,0,0,1,0,0,0,1,1,0,0,0,1,0,0,0,1,0,1,0,0,0,1,0,0,0,0,1,0,0,0,0,0,0
-0.6669766923099056,-0.1954030802368242,0.8450685175480038,-0.03676653914275204,0.26533974999193993,0.2792508909884138,0.6609982208782346,-0.28305304763896266,-0.30989478541371207,-0.12957964864616378,0.18508916972716616,0.40203941679815697,-0.41893931387483146,-0.5221668546352501,-0.6789796589720293,0.11183504229938833,0.16450213122232146,11245,0,0,0,0,0,0,0,0,1,0,0,0,0,0,0,0,0,0,0,0,0,0,0,1,1,0,0,0,1,0,0,0,1,0,1,0,0,0,1,0,0,0,0,1,0,0,0,0,0,0
-1.4459275738397224,-0.3468693732014628,0.8450685175480038,0.6865096407146939,0.004232788631432034,-0.628687834792109,2.344072891360201,-0.07345469529775865,-0.30989478541371207,-0.12957964864616378,0.004401369492886109,0.6199188426758669,-0.4428769934048553,-0.41636942884741357,-0.25850150599616695,-0.18889784455611028,-0.11699884199234645,8921,0,0,0,0,1,0,0,0,0,0,0,0,0,0,0,0,0,0,0,0,0,0,0,1,1,0,0,0,0,0,1,0,1,0,1,0,0,0,1,0,0,0,0,1,0,0,0,0,0,0
1.6698759522795446,2.2886441243832496,-1.1907783656358242,0.6222184247273667,0.7304365249153413,0.8526858756919016,-0.7089462783512739,0.7668441536337955,1.5265187577786539,1.002978261483071,-0.24856155083510403,0.2775368877251794,-0.2513755571646637,1.5144335917806027,0.16197664697969533,-0.7903636182671074,-0.9615017616363501,16558,0,0,0,0,0,0,0,0,0,0,0,0,0,0,0,0,0,0,0,1,0,0,0,1,1,0,0,0,1,0,0,0,0,1,1,0,1,0,0,0,0,0,0,0,0,0,0,1,0,0
-0.6669766923099056,-0.9224412864670897,0.8450685175480038,-0.5350234630445472,-0.6730133923973803,-0.7242603322426846,-0.3958161070988159,-0.8851719507282395,-0.30989478541371207,-0.6843018903421154,-0.5376620312099508,-0.718483344858641,-0.32318859575473563,-0.8924578448926779,-0.6789796589720293,0.7133008160103855,0.8682545642589912,7198,0,0,0,0,0,0,0,0,0,0,0,0,0,0,0,0,0,0,0,1,0,0,0,1,1,0,0,0,1,0,0,0,1,0,1,0,0,0,1,0,0,0,0,1,0,0,0,0,0,0
0.1119741892199112,1.4101396251883453,-1.1907783656358242,-0.7278971110065332,-0.47718317137700234,-0.9154053271438495,-0.474098649911929,-0.5212329934812399,-0.30989478541371207,-0.6843018903421154,-0.35697423097567077,-0.5628551835174184,-0.22743787763463985,0.21841512587960543,3.1053237178107316,0.11183504229938833,-0.2577493285996804,9538,0,0,0,0,0,0,0,0,0,0,0,0,0,0,0,0,0,0,0,1,0,0,0,1,1,0,0,0,1,0,0,0,0,1,1,0,1,0,0,0,0,0,0,0,0,0,0,1,0,0
-0.6669766923099056,-0.8618547692812342,-1.1907783656358242,1.2329849766069871,1.0568202266159743,2.0951283425494527,0.42615059243888975,1.7557672887709308,0.608311986182471,1.2803393823310467,0.8717028106174265,1.180180223504266,2.6690213454982556,0.5093580467961558,-1.6250555031677194,-0.48963073141160884,-0.8207512750290162,28176,0,0,0,0,0,0,0,0,0,1,0,0,0,0,0,0,0,0,0,0,0,0,1,0,0,1,0,1,0,0,0,0,0,1,1,0,0,0,1,0,0,0,0,0,0,1,0,0,0,0
0.1119741892199112,3.318614916542792,-1.1907783656358242,0.0275246768445774,0.32245689778954983,0.948258373142484,-1.6091955207020925,1.0774308030121251,1.5265187577786539,1.2341125288563841,0.32963940991458957,0.02853182957922431,-0.32318859575473563,1.4879842353336434,0.16197664697969533,-0.9407300616948567,-0.8207512750290162,18399,0,0,0,0,0,0,0,0,0,0,0,0,1,0,0,0,0,0,0,0,0,0,0,1,1,0,0,0,1,0,0,0,0,1,1,0,0,0,0,0,1,0,0,0,0,0,0,1,0,0
1.6698759522795446,0.7133946775510076,-1.1907783656358242,-0.5028778550508824,-0.11000150696379003,0.18367839353783139,-1.4134891636693057,0.4524466251219895,-0.30989478541371207,0.6562768604231011,0.9439779307111382,1.9894466624786187,-0.8019421863552143,1.0912438886292566,-0.25850150599616695,-0.9407300616948567,-0.9615017616363501,12964,0,0,0,0,1,0,0,0,0,0,0,0,0,0,0,0,0,0,0,0,0,0,0,1,0,1,0,0,1,0,0,0,1,0,1,0,0,0,1,0,0,0,0,0,0,0,1,0,0,0
0.8909250707497279,0.3801688330288026,-1.1907783656358242,-0.1010577551300792,0.13478626931168483,-0.15082534753920368,-0.3175335642857,0.7649387140670573,-0.30989478541371207,0.42514259304978785,1.01625305080485,0.7444213717488445,-0.2513755571646637,0.32421255166744195,-0.6789796589720293,-0.18889784455611028,-0.11699884199234645,17669,0,0,0,0,0,0,0,0,0,0,0,0,0,0,0,0,0,0,0,1,0,0,0,1,1,0,1,0,0,0,0,0,0,1,1,0,0,0,1,0,0,0,0,0,0,0,0,1,0,0
0.1119741892199112,-0.2559895974226797,0.8450685175480038,-0.952916366962184,-0.6322154296848012,-0.819832829693267,0.11302042118643178,-1.1881368418396163,-0.30989478541371207,-0.8460958775034346,-0.9351751917253645,-0.34497575763970834,-0.32318859575473563,-0.9453565577865961,-0.25850150599616695,0.8636672594381348,1.009005050866325,7395,0,0,0,0,0,0,0,0,1,0,0,0,0,0,0,0,0,0,0,0,0,0,0,1,1,0,0,0,0,1,0,0,1,0,1,0,0,0,1,0,0,0,0,1,0,0,0,0,0,0
0.8909250707497279,-0.8315615106883065,0.8450685175480038,-0.27785859909523397,-0.23239539510152746,-0.19861159626449149,0.7392807636913505,-0.5688689826496953,-0.30989478541371207,-0.4300541962314709,-0.5376620312099508,0.43316504906640063,-0.32318859575473563,-0.495717498188291,0.2670961852236609,0.26220148572713764,0.4460031044369894,8495,0,0,0,0,0,0,0,0,0,0,0,0,0,0,0,0,0,0,0,0,1,0,0,1,1,0,0,0,0,1,0,0,1,0,1,0,0,0,1,0,0,0,0,0,0,0,0,1,0,0
0.8909250707497279,-0.5286289247590292,0.8450685175480038,0.011451872847743898,0.9833838937333315,0.2792508909884138,0.8958458493175795,0.351458328084864,-0.30989478541371207,-0.15269307538349508,0.7271525704300031,-0.5939808157856634,-0.2513755571646637,0.16551641298568717,0.2670961852236609,-0.6399971748393581,-0.39849981520701433,15510,0,0,0,0,0,0,0,0,0,0,0,0,0,0,0,0,0,1,0,0,0,0,0,1,1,0,0,0,0,1,0,0,1,0,1,0,0,0,1,0,0,0,0,0,0,0,0,1,0,0
-0.6669766923099056,-4.304930967141406e-16,0.0,-0.03676653914275204,0.26533974999193993,0.2792508909884138,0.6609982208782346,-0.24875513543767472,-0.30989478541371207,-0.12957964864616378,0.18508916972716616,0.40203941679815697,2.9562734998585425,-1.0511539835744326,-0.994338273703926,1.6154994765768813,1.572006997295661,10795,0,0,0,0,0,0,0,0,1,0,0,0,0,0,0,0,0,0,0,0,0,0,1,0,1,0,0,0,0,1,0,0,1,0,1,0,0,0,1,0,0,0,0,0,0,1,0,0,0,0
-0.6669766923099056,-0.4680424075731738,-1.1907783656358242,-0.4064410310698906,-0.5750982818871914,-0.34197034244036173,-0.20010975006602896,-0.5421928287153603,-0.30989478541371207,-0.4069407694941396,-0.6822122713973743,0.9934264298947997,-0.32318859575473563,-0.46926814174133186,1.4234111059072823,0.26220148572713764,0.3052526178296554,9095,0,0,0,0,0,1,0,0,0,0,0,0,0,0,0,0,0,0,0,0,0,0,0,1,1,0,0,0,1,0,0,0,1,0,1,0,0,0,1,0,0,0,1,0,0,0,0,0,0,0
-1.4459275738397224,-0.8618547692812342,0.8450685175480038,1.763387508502447,1.334246373061513,2.0951283425494527,1.0524109349438084,1.793876080105695,0.608311986182471,1.2803393823310467,0.8717028106174265,1.180180223504266,2.6690213454982556,0.5093580467961558,-1.6250555031677194,-0.48963073141160884,-0.8207512750290162,25552,0,0,0,0,0,0,0,0,0,1,0,0,0,0,0,0,0,0,0,0,0,0,1,0,0,1,0,0,0,1,0,0,0,1,1,0,0,0,1,0,0,0,0,0,0,1,0,0,0,0
0.8909250707497279,-0.5286289247590292,0.8450685175480038,0.011451872847743898,0.9833838937333315,0.2792508909884138,0.8958458493175795,0.5210424495245654,-0.30989478541371207,-0.15269307538349508,0.7271525704300031,-0.5939808157856634,-0.32318859575473563,1.4879842353336434,0.7926938764434888,-0.9407300616948567,-0.6800007884216822,18620,0,0,0,0,0,0,0,0,0,0,0,0,0,0,0,0,0,1,0,0,0,0,0,1,0,1,0,0,0,1,0,0,1,0,1,0,1,0,0,0,0,0,0,0,0,0,0,1,0,0
-0.6669766923099056,-0.5892154419448846,0.8450685175480038,-0.2939314030920652,-0.20791661747397905,-0.2463978449897793,-0.513239921318487,-0.8165761263256637,-0.30989478541371207,-0.4531676229688022,1.01625305080485,-1.93238300332017,-0.203500198104616,-0.5750655675291684,-0.6789796589720293,1.0140337028658841,0.8682545642589912,7126,0,0,0,0,0,0,0,0,0,0,0,0,0,0,0,0,0,0,1,0,0,0,0,1,1,0,0,0,0,1,0,0,1,0,1,0,0,0,0,1,0,0,0,1,0,0,0,0,0,0
0.8909250707497279,0.3801688330288026,-1.1907783656358242,-0.1010577551300792,0.13478626931168483,-0.15082534753920368,-0.7089462783512739,-0.07154925573102043,-0.30989478541371207,0.42514259304978785,1.01625305080485,0.7444213717488445,-0.2513755571646637,0.32421255166744195,-0.6789796589720293,-0.18889784455611028,-0.11699884199234645,9639,0,0,0,0,0,0,0,0,0,0,0,0,0,0,0,0,0,0,0,1,0,0,0,1,1,0,0,1,0,0,0,0,0,1,1,0,0,0,1,0,0,0,0,0,0,0,0,1,0,0
0.1119741892199112,0.8042744533297908,0.8450685175480038,-0.8564795429811898,-1.4073767212238049,-1.0109778245944319,-1.2569240780430766,-1.1138246987368257,-0.30989478541371207,-0.8692093042407659,-1.332688352240778,-0.09597069949375324,-0.22743787763463985,-0.9453565577865961,0.7926938764434888,0.8636672594381348,1.009005050866325,7609,0,0,0,0,1,0,0,0,0,0,0,0,0,0,0,0,0,0,0,0,0,0,0,1,1,0,0,0,0,1,0,0,1,0,1,0,0,0,1,0,0,0,0,1,0,0,0,0,0,0
0.8909250707497279,-4.304930967141406e-16,-1.1907783656358242,0.12396150082556927,0.2245417872793608,0.18367839353783139,-0.2783922928791421,-0.12680700316642876,0.608311986182471,0.1940083256764747,-0.5376620312099508,0.43316504906640063,-0.4428769934048553,0.16551641298568717,0.7926938764434888,-0.9407300616948567,-0.8207512750290162,15250,0,1,0,0,0,0,0,0,0,0,0,0,0,0,0,0,0,0,0,0,0,0,0,1,1,0,0,0,0,1,0,0,1,0,1,0,0,0,1,0,0,0,0,0,0,0,0,1,0,0
-1.4459275738397224,-0.8618547692812342,0.8450685175480038,1.763387508502447,1.334246373061513,2.0951283425494527,1.913518905888072,2.2416543782891765,0.608311986182471,1.2803393823310467,0.8717028106174265,1.180180223504266,2.6690213454982556,0.5093580467961558,-1.6250555031677194,-0.48963073141160884,-0.8207512750290162,28248,0,0,0,0,0,0,0,0,0,1,0,0,0,0,0,0,0,0,0,0,0,0,1,0,0,1,0,0,0,0,1,0,0,1,1,0,0,0,1,0,0,0,0,0,0,1,0,0,0,0
1.6698759522795446,0.8648609705156463,-1.1907783656358242,0.011451872847743898,0.9833838937333315,0.2792508909884138,0.8958458493175795,0.25428091018121485,-0.30989478541371207,-0.15269307538349508,-2.8866034342555786,-3.7065440426100995,-0.2513755571646637,0.16551641298568717,0.2670961852236609,-0.6399971748393581,-0.39849981520701433,15040,0,0,0,0,0,0,0,0,0,0,0,0,0,0,0,0,0,1,0,0,0,0,0,1,1,0,0,0,1,0,0,0,1,0,1,0,0,0,1,0,0,0,0,0,0,0,0,1,0,0
0.1119741892199112,-4.304930967141406e-16,-1.1907783656358242,2.0848435884390897,2.0114925540903252,2.907494570879393,0.6218569494716767,2.1749639934533387,3.36293230097102,4.077064017548136,1.6667291316482535,0.2775368877251794,-0.5625653910549749,2.1227687900606624,-1.3096968884358227,-1.6925622788336032,-2.087505654495022,45400,0,0,0,0,0,0,0,0,0,1,0,0,0,0,0,0,0,0,0,0,0,0,0,1,1,0,0,1,0,0,0,0,0,1,1,0,0,0,0,0,1,0,0,0,0,0,0,1,0,0
0.1119741892199112,-0.07423004586511331,-1.1907783656358242,-0.8564795429811898,-1.4073767212238049,-1.0109778245944319,-1.1786415352299635,-1.2491109079752392,-0.30989478541371207,-0.8692093042407659,-1.332688352240778,-0.09597069949375324,-0.22743787763463985,-0.9453565577865961,0.7926938764434888,1.7658659200046305,1.431256510688327,5572,0,0,0,0,0,0,0,0,0,0,0,0,0,0,1,0,0,0,0,0,0,0,0,1,1,0,0,0,1,0,0,0,1,0,1,0,0,0,1,0,0,0,0,1,0,0,0,0,0,0
0.8909250707497279,0.4710486088075858,-1.1907783656358242,-1.9976486267562725,-2.4436449741233166,-0.9631915758691406,-1.1786415352299635,-1.639726019156574,-0.30989478541371207,-0.8229824507661033,-1.5495137125219132,0.46429068133464574,-0.17956251857459216,-1.2098501222561875,-0.6789796589720293,3.570263241137622,3.261012836583668,6479,0,0,0,0,0,1,0,0,0,0,0,0,0,0,0,0,0,0,0,0,0,0,0,1,1,0,0,0,1,0,0,0,1,0,1,0,0,0,1,0,0,0,1,0,0,0,0,0,0,0
0.8909250707497279,-0.5286289247590292,0.8450685175480038,0.011451872847743898,0.9833838937333315,0.2792508909884138,0.8958458493175795,0.23141563538035623,-0.30989478541371207,-0.15269307538349508,0.7271525704300031,-0.5939808157856634,-0.2513755571646637,0.16551641298568717,0.2670961852236609,-0.6399971748393581,-0.39849981520701433,12170,0,0,0,0,0,0,0,0,0,0,0,0,0,0,0,0,0,1,0,0,0,0,0,1,1,0,0,0,0,1,0,0,1,0,1,0,0,0,1,0,0,0,0,0,0,0,0,1,0,0
0.1119741892199112,-0.07423004586511331,-1.1907783656358242,-0.8564795429811898,-1.4073767212238049,-1.0109778245944319,-1.1786415352299635,-0.8489685989602134,-0.30989478541371207,-0.6843018903421154,-1.1158629919596446,0.40203941679815697,-0.6583161091750708,-0.04607843858998582,0.7926938764434888,-0.18889784455611028,-0.11699884199234645,7957,0,0,0,0,0,0,0,0,0,0,0,0,0,0,1,0,0,0,0,0,0,0,0,1,0,1,0,0,1,0,0,0,1,0,1,0,0,0,1,0,0,0,0,0,0,0,0,0,1,0
-1.4459275738397224,-1.7100660098832106,0.8450685175480038,0.541854404743206,0.08582871405659032,0.2792508909884138,0.42615059243888975,-0.17825387146836064,-0.30989478541371207,-0.4069407694941396,-0.24856155083510403,0.2775368877251794,2.908398140798495,-0.8131097755518005,-1.3096968884358227,0.7133008160103855,0.3052526178296554,10698,0,0,0,0,0,0,0,0,0,0,0,0,0,0,0,0,0,0,0,1,0,0,1,0,0,1,0,0,0,1,0,0,1,0,1,0,0,0,1,0,0,0,0,0,0,1,0,0,0,0
1.6698759522795446,0.8648609705156463,-1.1907783656358242,-0.5993146790318766,-0.4527043937494539,-0.10303909881390906,-1.6483367921086505,-0.14014508013359628,-2.1463083286060782,-1.100343571614079,1.6048300487117391e-15,1.382255744008825e-15,-0.22743787763463985,0.8267503241596653,1.8438892588831446,-1.3918293919781046,-1.102252248243684,15645,0,0,0,0,0,0,0,0,1,0,0,0,0,0,0,0,0,0,0,0,0,0,0,1,1,0,0,0,1,0,0,0,0,1,1,0,0,0,0,0,0,1,0,0,0,0,0,1,0,0
0.1119741892199112,0.10752950569245306,0.8450685175480038,-0.43858663906355533,-0.17527824730391528,-0.2463978449897793,-0.8655113639775028,-0.39737942164325574,-0.30989478541371207,-0.12957964864616378,0.040538929539742766,0.6199188426758669,-0.4428769934048553,-0.41636942884741357,-0.25850150599616695,-0.03853140112836097,0.16450213122232146,6989,0,0,0,0,0,0,0,0,0,0,0,1,0,0,0,0,0,0,0,0,0,0,0,1,1,0,0,0,0,1,0,0,1,0,1,0,0,0,1,0,0,0,0,1,0,0,0,0,0,0
-1.4459275738397224,-1.4374266825468611,0.8450685175480038,0.8472376806830152,1.162894929668681,0.6137546320654489,1.4438236490093823,0.8926031650385179,-0.30989478541371207,0.3095754593631313,1.594454011554542,-0.34497575763970834,-0.203500198104616,0.27131383877352366,0.5824547999555576,-0.18889784455611028,-0.39849981520701433,16515,0,0,0,0,0,0,0,0,0,0,0,0,0,0,0,0,0,0,0,0,0,1,0,1,1,0,0,0,0,0,1,0,0,1,1,0,0,0,1,0,0,0,0,0,0,0,0,1,0,0
-2.2248784553695393,-0.558922183351957,0.8450685175480038,0.8472376806830152,1.162894929668681,0.6137546320654489,0.9349871207241374,0.6887211313975286,-0.30989478541371207,0.3095754593631313,1.594454011554542,-0.34497575763970834,-0.203500198104616,0.27131383877352366,0.5824547999555576,-0.18889784455611028,-0.39849981520701433,15985,0,0,0,0,0,0,0,0,0,0,0,0,0,0,0,0,0,0,0,0,0,1,0,1,1,0,0,0,0,1,0,0,0,1,1,0,0,0,1,0,0,0,0,0,0,0,0,1,0,0
0.1119741892199112,-4.304930967141406e-16,0.8450685175480038,1.088329740635497,1.4811190388267965,2.6207770785276523,0.7392807636913505,0.7249244831655547,0.608311986182471,0.1940083256764747,-0.5376620312099508,0.43316504906640063,-0.4428769934048553,0.16551641298568717,0.7926938764434888,-0.9407300616948567,-0.8207512750290162,18920,0,1,0,0,0,0,0,0,0,0,0,0,0,0,0,0,0,0,0,0,0,0,0,1,1,0,0,0,0,0,1,0,1,0,1,0,0,0,1,0,0,0,0,0,0,0,0,1,0,0
-1.4459275738397224,-0.9527345450600174,0.8450685175480038,0.8793832886766799,1.0812990042435229,0.2792508909884138,0.11302042118643178,1.0621872864782194,1.5265187577786539,1.002978261483071,-0.24856155083510403,0.2775368877251794,-0.27531323669468794,1.382186809545807,0.16197664697969533,-0.7903636182671074,-0.9615017616363501,15690,0,0,0,0,0,0,0,0,0,0,0,0,0,0,0,0,0,0,0,1,0,0,0,1,1,0,0,0,0,1,0,0,0,1,1,0,1,0,0,0,0,0,0,0,0,0,0,1,0,0
-2.2248784553695393,-0.558922183351957,0.8450685175480038,0.8472376806830152,1.162894929668681,0.6137546320654489,0.9349871207241374,0.6448960213625495,-0.30989478541371207,0.3095754593631313,1.594454011554542,-0.34497575763970834,-0.203500198104616,0.27131383877352366,0.5824547999555576,-0.33926428798385955,-0.39849981520701433,12940,0,0,0,0,0,0,0,0,0,0,0,0,0,0,0,0,0,0,0,0,0,1,0,1,1,0,0,0,0,1,0,0,0,1,1,0,0,0,1,0,0,0,0,0,0,0,0,1,0,0
-1.4459275738397224,-1.4374266825468611,0.8450685175480038,0.8472376806830152,1.162894929668681,0.6137546320654489,1.4438236490093823,1.111728715213413,-0.30989478541371207,0.055327765252486776,1.01625305080485,-0.34497575763970834,-0.6822537887050946,1.5408829482275617,-0.04826242950823582,-1.2414629485503552,-1.243002734851018,18950,0,0,0,0,0,0,0,0,0,0,0,0,0,0,0,0,0,0,0,0,0,1,0,1,0,1,0,0,0,0,1,0,0,1,1,0,0,0,1,0,0,0,0,0,0,0,0,1,0,0
0.1119741892199112,-0.5286289247590292,-1.1907783656358242,-0.952916366962184,-1.2605040554585214,-0.819832829693267,0.11302042118643178,-1.2834088201765272,-0.30989478541371207,-0.8460958775034346,-1.1158629919596446,-0.34497575763970834,-0.32318859575473563,-0.9453565577865961,-0.25850150599616695,0.8636672594381348,1.009005050866325,6095,0,0,0,0,0,0,0,0,1,0,0,0,0,0,0,0,0,0,0,0,0,0,0,1,1,0,0,0,1,0,0,0,1,0,1,0,0,0,1,0,0,0,0,1,0,0,0,0,0,0
0.1119741892199112,0.10752950569245306,0.8450685175480038,-0.43858663906355533,-0.17527824730391528,-0.2463978449897793,-0.8655113639775028,-0.321161838973727,-0.30989478541371207,-0.12957964864616378,0.040538929539742766,0.6199188426758669,-0.4428769934048553,-0.41636942884741357,-0.25850150599616695,-0.03853140112836097,0.16450213122232146,8189,0,0,0,0,0,0,0,0,0,0,0,1,0,0,0,0,0,0,0,0,0,0,0,1,1,0,0,0,0,1,0,0,1,0,1,0,0,0,1,0,0,0,0,1,0,0,0,0,0,0
-0.6669766923099056,-0.9224412864670897,0.8450685175480038,-0.5350234630445472,-0.6730133923973803,-0.7242603322426846,-0.3958161070988159,-0.5688689826496953,-0.30989478541371207,-0.4069407694941396,-0.24856155083510403,0.2775368877251794,2.908398140798495,-1.2627488351501057,-1.3096968884358227,1.91623236343238,2.2757594303323305,7788,0,0,0,0,0,0,0,0,0,0,0,0,0,0,0,0,0,0,0,1,0,0,1,0,1,0,0,0,1,0,0,0,1,0,1,0,0,0,1,0,0,0,0,0,0,1,0,0,0,0
0.1119741892199112,-0.43774914898024603,-1.1907783656358242,-0.4064410310698906,-0.4445448012069385,0.04031964736196117,-1.1003589924168478,-0.5345710704484075,-0.30989478541371207,-0.4069407694941396,-0.6822122713973743,0.9934264298947997,-0.2992509162247118,-0.09897715148390408,0.7926938764434888,-0.03853140112836097,0.023751644614987504,10345,0,0,0,0,0,1,0,0,0,0,0,0,0,0,0,0,0,0,0,0,0,0,0,1,1,0,0,0,0,1,0,0,1,0,1,0,0,0,1,0,0,0,0,1,0,0,0,0,0,0
-0.6669766923099056,-4.304930967141406e-16,0.8450685175480038,2.245571628407411,2.044130924260389,1.7606246014724176,-0.3958161070988159,2.843773281378453,1.5265187577786539,3.013846387630896,1.052390610851705,2.8298387337212163,-0.5386277115249511,1.9111739384849895,-0.7840991972159949,-1.5421958354058538,-1.66525419467302,35550,0,0,0,0,0,0,0,1,0,0,0,0,0,0,0,0,0,0,0,0,0,0,0,1,1,0,0,0,0,1,0,0,0,1,1,0,1,0,0,0,0,0,0,0,0,0,0,1,0,0
1.6698759522795446,0.8648609705156463,-1.1907783656358242,0.011451872847743898,0.9833838937333315,0.2792508909884138,0.8958458493175795,0.16091437141104217,-0.30989478541371207,-0.15269307538349508,0.7271525704300031,-0.5939808157856634,-0.24898178921166134,0.16551641298568717,0.2670961852236609,-0.6399971748393581,-0.39849981520701433,11850,0,0,0,0,0,0,0,0,0,0,0,0,0,0,0,0,0,1,0,0,0,0,0,1,1,0,0,0,1,0,0,0,1,0,1,0,0,0,1,0,0,0,0,0,0,0,0,1,0,0
0.8909250707497279,-0.8315615106883065,0.8450685175480038,-0.27785859909523397,-0.23239539510152746,-0.19861159626449149,0.7392807636913505,-0.5898288178838158,-0.30989478541371207,-0.7074153170794467,-1.188138112053356,0.43316504906640063,3.0280865384486146,-1.3685462609379422,-0.6789796589720293,1.7658659200046305,2.135008943724997,7995,0,0,0,0,0,0,0,0,0,0,0,0,0,0,0,0,0,0,0,0,1,0,1,0,1,0,0,0,0,1,0,0,1,0,1,0,0,0,1,0,0,0,0,0,0,1,0,0,0,0
0.8909250707497279,-4.304930967141406e-16,-1.1907783656358242,-0.47073224705722,0.18374382456678165,0.32703713971370163,-1.2960653494496346,-0.21636266280312502,-0.30989478541371207,0.10155461872714941,0.43805209005515633,1.9894466624786187,-0.3950016343448076,-3.758679617783276e-16,0.0,-0.33926428798385955,0.023751644614987504,9895,0,0,0,0,0,0,0,0,0,0,0,0,0,0,0,0,1,0,0,0,0,0,0,1,1,0,0,0,1,0,0,0,1,0,1,0,0,0,1,0,0,0,0,0,0,0,0,1,0,0
-1.4459275738397224,-1.7100660098832106,0.8450685175480038,0.541854404743206,0.08582871405659032,0.2792508909884138,0.42615059243888975,-0.30401288287308303,-0.30989478541371207,-0.12957964864616378,-0.10401131064768064,0.868923900821822,-0.3950016343448076,-0.3105720030595771,-1.9404141178996162,0.26220148572713764,0.16450213122232146,10898,0,0,0,0,0,0,0,0,0,0,0,0,0,0,0,0,0,0,0,1,0,0,0,1,1,0,0,0,0,1,0,0,1,0,1,0,0,0,1,0,0,0,0,0,0,0,0,1,0,0
0.1119741892199112,-0.7103884763165956,-1.1907783656358242,-0.7278971110065332,-1.5216110168190269,-1.1065503220450108,-0.7089462783512739,-1.3329502489117209,-0.30989478541371207,-0.8692093042407659,-1.1158629919596446,-0.4694782867126859,-0.17956251857459216,-0.8924578448926779,0.5824547999555576,1.91623236343238,1.7127574839029949,6295,0,0,0,1,0,0,0,0,0,0,0,0,0,0,0,0,0,0,0,0,0,0,0,1,1,0,0,0,1,0,0,0,1,0,1,0,0,0,1,0,0,0,0,1,0,0,0,0,0,0
-0.6669766923099056,1.1980868150378512,0.8450685175480038,1.4258586245689733,0.9915434862758469,1.1871896167689366,1.1306934777569244,1.2927454740535438,-0.30989478541371207,0.5638231534737758,1.3053535311796967,0.8066726362853333,2.549332947848136,-0.2312239337186997,-2.045533656143582,0.41256792915488694,0.3052526178296554,17950,0,0,0,0,0,0,0,0,0,0,0,0,0,1,0,0,0,0,0,0,0,0,1,0,0,1,0,0,0,1,0,0,0,1,1,0,0,1,0,0,0,0,0,0,0,1,0,0,0,0
-0.6669766923099056,2.0160047970468997,-1.1907783656358242,0.34898075678122004,0.18374382456678165,-0.5331153373415265,0.19130296399954488,0.2599972288814295,1.5265187577786539,0.8411842743217516,-0.10401131064768064,-0.2204732285667308,-0.32318859575473563,0.4564593339022376,-1.8352945796556506,-0.6399971748393581,-0.39849981520701433,20970,0,0,1,0,0,0,0,0,0,0,0,0,0,0,0,0,0,0,0,0,0,0,0,1,1,0,0,0,0,1,0,0,0,1,1,0,0,0,1,0,0,0,0,0,0,0,0,1,0,0
-0.6669766923099056,1.1980868150378512,0.8450685175480038,1.4419314285658045,0.9915434862758469,1.139403368043642,0.8567045779110215,1.0602818469114812,-0.30989478541371207,0.14778147220181204,0.9801154907579933,-0.15822196403024202,-0.8019421863552143,1.0118958192883791,1.00293295293142,-1.091096505122606,-0.9615017616363501,18150,0,0,0,0,0,0,0,0,0,0,0,0,0,1,0,0,0,0,0,0,0,0,0,1,0,1,0,0,0,1,0,0,0,1,1,0,0,1,0,0,0,0,0,0,0,0,0,1,0,0
-0.6669766923099056,-4.304930967141406e-16,0.8450685175480038,0.9436745046640093,0.036871158801495815,0.08810589608724897,0.23044423540610282,0.24094283321404733,-0.30989478541371207,0.14778147220181204,0.32963940991458957,1.180180223504266,2.788709743148375,-0.8395591319987596,-1.9404141178996162,0.8636672594381348,1.149755537473659,18344,0,0,0,0,0,0,0,0,1,0,0,0,0,0,0,0,0,0,0,0,0,0,1,0,1,0,0,0,0,1,0,0,0,1,1,0,0,0,1,0,0,0,0,0,0,1,0,0,0,0
-0.6669766923099056,-0.9224412864670897,0.8450685175480038,-0.5350234630445472,-0.6730133923973803,-0.7242603322426846,-0.3958161070988159,-0.8261033241593548,-0.30989478541371207,-0.6843018903421154,-0.5376620312099508,-0.718483344858641,-0.32318859575473563,-0.8924578448926779,-0.6789796589720293,0.41256792915488694,0.4460031044369894,9258,0,0,0,0,0,0,0,0,0,0,0,0,0,0,0,0,0,0,0,1,0,0,0,1,1,0,0,0,0,1,0,0,1,0,1,0,0,0,1,0,0,0,0,1,0,0,0,0,0,0
1.6698759522795446,4.075946381365985,-1.1907783656358242,-0.7278971110065332,-0.7219709476524772,-0.9154053271438495,-0.9437939067906187,-0.6717627192535591,-0.30989478541371207,-0.4300541962314709,-0.5376620312099508,0.43316504906640063,-0.4428769934048553,-0.36347071595349534,0.7926938764434888,-0.18889784455611028,-0.2577493285996804,9980,0,0,0,0,0,0,0,0,0,0,0,0,0,0,0,0,0,0,0,0,1,0,0,1,1,0,0,0,1,0,0,0,1,0,1,0,0,0,1,0,0,0,0,0,0,0,0,1,0,0
0.1119741892199112,0.016649729913669878,0.8450685175480038,-0.7278971110065332,-0.7546093178225386,-1.0109778245944319,0.26958550681266075,-1.1481226109381137,-0.30989478541371207,-0.7074153170794467,-0.6822122713973743,0.09078309411571309,-0.22743787763463985,-0.918907201339637,0.16197664697969533,0.8636672594381348,0.8682545642589912,7499,0,0,0,0,0,0,0,0,0,0,0,0,1,0,0,0,0,0,0,0,0,0,0,1,1,0,0,0,0,1,0,0,1,0,1,0,0,0,1,0,0,0,0,1,0,0,0,0,0,0
-0.6669766923099056,-4.304930967141406e-16,0.8450685175480038,1.763387508502447,1.8319815181549781,2.3818458349012,0.9741283921306926,1.774821684438313,1.5265187577786539,1.881288477501661,1.01625305080485,0.40203941679815697,-0.5625653910549749,2.0698700771667444,0.5824547999555576,-1.5421958354058538,-1.524503708065686,36880,0,0,1,0,0,0,0,0,0,0,0,0,0,0,0,0,0,0,0,0,0,0,0,1,1,0,0,0,0,1,0,0,0,1,1,0,0,0,1,0,0,0,0,0,0,0,0,1,0,0
0.1119741892199112,0.9860340048873572,0.8450685175480038,-0.8564795429811898,-0.5914174669722221,-1.0109778245944319,-1.1786415352299635,-0.7289259062557056,-0.30989478541371207,-0.6843018903421154,-1.332688352240778,-0.09597069949375324,-0.22743787763463985,-0.9453565577865961,0.7926938764434888,0.8636672594381348,1.009005050866325,7609,0,0,0,0,0,0,0,0,0,0,0,0,0,0,1,0,0,0,0,0,0,0,0,1,1,0,0,0,0,1,0,0,1,0,1,0,0,0,1,0,0,0,0,1,0,0,0,0,0,0
0.1119741892199112,0.19840928147123624,-1.1907783656358242,-0.7278971110065332,-0.7546093178225386,-1.0109778245944319,0.26958550681266075,-1.186231402272878,-0.30989478541371207,-0.7074153170794467,-0.6822122713973743,0.09078309411571309,-0.22743787763463985,-0.918907201339637,0.16197664697969533,0.8636672594381348,0.8682545642589912,7299,0,0,0,0,0,0,0,0,0,0,0,0,1,0,0,0,0,0,0,0,0,0,0,1,1,0,0,0,0,1,0,0,1,0,1,0,0,0,1,0,0,0,0,1,0,0,0,0,0,0
-0.6669766923099056,-4.304930967141406e-16,0.8450685175480038,0.7186552487083586,1.1792141147537119,0.47039588588957865,0.7392807636913505,1.2508258035853028,1.5265187577786539,1.881288477501661,1.01625305080485,0.40203941679815697,-0.5625653910549749,2.0698700771667444,0.5824547999555576,-1.3918293919781046,-1.243002734851018,30760,0,0,1,0,0,0,0,0,0,0,0,0,0,0,0,0,0,0,0,0,0,0,0,1,1,0,0,0,0,1,0,0,0,1,1,0,0,0,1,0,0,0,0,0,0,0,0,1,0,0
-0.6669766923099056,-4.304930967141406e-16,0.8450685175480038,2.438445276369397,1.9870137764627793,1.1871896167689366,1.913518905888072,1.7367128931035485,-0.30989478541371207,0.5638231534737758,1.3053535311796967,0.8066726362853333,2.549332947848136,-0.2312239337186997,-2.045533656143582,-0.03853140112836097,-0.8207512750290162,17075,0,0,0,0,0,0,0,0,0,0,0,0,0,1,0,0,0,0,0,0,0,0,1,0,0,1,0,0,0,0,1,0,0,1,1,0,0,1,0,0,0,0,0,0,0,1,0,0,0,0
-1.4459275738397224,-1.7100660098832106,0.8450685175480038,0.541854404743206,0.08582871405659032,0.2792508909884138,0.42615059243888975,-0.47169156474604623,-0.30989478541371207,-0.12957964864616378,-0.10401131064768064,0.868923900821822,-0.3950016343448076,-0.3105720030595771,-1.9404141178996162,0.5629343725826362,0.4460031044369894,8948,0,0,0,0,0,0,0,0,0,0,0,0,0,0,0,0,0,0,0,1,0,0,0,1,1,0,0,0,0,1,0,0,1,0,1,0,0,0,1,0,0,0,0,0,0,0,0,1,0,0
0.1119741892199112,1.1980868150378512,-1.1907783656358242,-0.9689891709590152,-1.4073767212238049,-1.0109778245944319,-1.1786415352299635,-0.8165761263256637,-0.30989478541371207,-0.6843018903421154,-1.1158629919596446,0.40203941679815697,-0.6583161091750708,-0.04607843858998582,0.7926938764434888,-0.18889784455611028,-0.11699884199234645,7689,0,0,0,0,0,0,0,0,0,0,0,1,0,0,0,0,0,0,0,0,0,0,0,1,0,1,0,0,1,0,0,0,1,0,1,0,0,0,1,0,0,0,0,0,0,0,0,0,1,0
1.6698759522795446,0.6225149017722245,-1.1907783656358242,-0.39036822707305935,0.4693295635548356,2.190700840000035,-1.1786415352299635,2.117800806451192,3.36293230097102,2.4591241459349438,0.43805209005515633,-0.5006039189809296,-0.490752352464903,1.355737453098848,-0.7840991972159949,-1.3918293919781046,-1.8060046812803539,35056,0,0,0,0,0,0,0,0,0,1,0,0,0,0,0,0,0,0,0,0,0,0,0,1,1,0,1,0,0,0,0,0,0,1,1,0,0,0,0,0,1,0,0,0,0,0,0,1,0,0
-0.6669766923099056,-1.3465469067680778,0.8450685175480038,-0.5350234630445472,-0.395587245951844,-1.1065503220450108,2.070083991514301,-0.5593417848160043,-0.30989478541371207,-0.8229824507661033,-1.0435878718659328,-0.718483344858641,-0.32318859575473563,-1.1040526964683508,-0.6789796589720293,0.8636672594381348,0.8682545642589912,6918,0,0,0,0,0,0,0,0,0,0,0,0,0,0,0,0,0,0,0,1,0,0,0,1,1,0,0,0,0,0,1,0,1,0,1,0,0,0,1,0,0,0,0,1,0,0,0,0,0,0
-0.6669766923099056,-0.9830278036529452,0.8450685175480038,-0.32607701108572995,-0.08552272933624161,-0.2463978449897793,-0.3175335642857,-0.5402873891486221,-0.30989478541371207,-0.4531676229688022,1.01625305080485,-1.93238300332017,-0.32318859575473563,-0.5750655675291684,-0.6789796589720293,0.41256792915488694,0.16450213122232146,7463,0,0,0,0,0,0,0,0,0,0,0,0,0,0,0,0,0,0,1,0,0,0,0,1,1,0,0,0,0,0,1,0,1,0,1,0,0,0,0,1,0,0,0,1,0,0,0,0,0,0
-0.6669766923099056,-1.3162536481751501,0.8450685175480038,-0.4064410310698906,-1.423695906308838,-0.9631915758691406,1.7569538202618402,-1.047134313900988,-0.30989478541371207,-0.8229824507661033,-1.513376152475058,0.46429068133464574,-0.27531323669468794,-0.7337617062109231,1.8438892588831446,0.7133008160103855,0.4460031044369894,7295,0,0,0,0,0,1,0,0,0,0,0,0,0,0,0,0,0,0,0,0,0,0,0,1,1,0,0,0,0,0,1,0,1,0,1,0,0,0,1,0,0,0,1,0,0,0,0,0,0,0
-0.6669766923099056,-0.9224412864670897,0.8450685175480038,-0.5350234630445472,-0.395587245951844,-1.1065503220450108,2.070083991514301,1.0221730555767168,-0.30989478541371207,-0.8229824507661033,-1.0435878718659328,-0.718483344858641,-0.32318859575473563,-1.1040526964683508,-0.6789796589720293,0.26220148572713764,0.16450213122232146,8778,0,0,0,0,0,0,0,0,0,0,0,0,0,0,0,0,0,0,0,1,0,0,0,1,1,0,0,0,0,0,1,1,0,0,1,0,0,0,1,0,0,0,0,1,0,0,0,0,0,0
-0.6669766923099056,0.7133946775510076,0.8450685175480038,2.245571628407411,2.044130924260389,1.7606246014724176,-0.3958161070988159,2.843773281378453,1.5265187577786539,3.013846387630896,1.052390610851705,2.8298387337212163,-0.5386277115249511,1.9111739384849895,-0.7840991972159949,-1.5421958354058538,-1.66525419467302,32250,0,0,0,0,0,0,0,1,0,0,0,0,0,0,0,0,0,0,0,0,0,0,0,1,1,0,0,0,0,1,0,0,0,1,1,0,1,0,0,0,0,0,0,0,0,0,0,1,0,0
1.6698759522795446,-4.304930967141406e-16,-1.1907783656358242,-0.7278971110065332,-1.2441848703734883,-0.819832829693267,0.7001394922847926,-0.6088832135511979,-0.30989478541371207,-0.4300541962314709,-0.5376620312099508,0.43316504906640063,-0.4428769934048553,-0.36347071595349534,0.7926938764434888,-0.18889784455611028,-0.2577493285996804,11595,0,0,0,0,0,0,0,0,0,0,0,0,0,0,0,0,0,0,0,0,1,0,0,1,1,0,1,0,0,0,0,0,1,0,1,0,0,0,1,0,0,0,0,0,0,0,0,1,0,0
-1.4459275738397224,-0.8012682520953788,0.8450685175480038,1.618732272530957,1.162894929668681,1.4261208603953892,0.6609982208782346,0.8354399780363714,1.5265187577786539,1.0492051149577335,0.8717028106174265,-1.2164934611505498,-0.3710639548147833,0.8003009677127062,0.7926938764434888,-1.091096505122606,-1.102252248243684,21485,0,0,0,0,0,0,0,0,0,0,0,0,0,0,0,0,0,0,0,0,0,1,0,1,1,0,0,0,0,1,0,0,0,1,1,0,0,0,0,0,1,0,0,0,0,0,0,1,0,0
1.6698759522795446,-4.304930967141406e-16,-1.1907783656358242,-0.5028778550508824,-0.11000150696379003,0.18367839353783139,-1.4134891636693057,0.46578470208915707,-0.30989478541371207,0.6562768604231011,0.9078403706642816,1.8649441334056411,-0.8019421863552143,1.0912438886292566,-0.25850150599616695,-0.9407300616948567,-0.9615017616363501,12764,0,0,0,0,0,0,0,0,0,0,0,0,0,0,1,0,0,0,0,0,0,0,0,1,0,1,0,0,1,0,0,0,0,1,1,0,0,0,1,0,0,0,0,0,0,0,0,0,1,0
1.6698759522795446,2.2886441243832496,-1.1907783656358242,0.6222184247273667,0.7304365249153413,0.8526858756919016,-0.7089462783512739,0.8430617363033243,1.5265187577786539,1.002978261483071,-0.24856155083510403,0.2775368877251794,-0.2513755571646637,1.5144335917806027,0.16197664697969533,-0.9407300616948567,-0.9615017616363501,15998,0,0,0,0,0,0,0,0,0,0,0,0,0,0,0,0,0,0,0,1,0,0,0,1,1,0,0,0,1,0,0,0,0,1,1,0,1,0,0,0,0,0,0,0,0,0,0,1,0,0
-0.6669766923099056,-0.9224412864670897,0.8450685175480038,-0.5350234630445472,-0.6730133923973803,-0.7242603322426846,-0.3175335642857,-0.9385242585969097,-0.30989478541371207,-0.6843018903421154,-0.5376620312099508,-0.718483344858641,-0.32318859575473563,-0.8924578448926779,-0.6789796589720293,0.7133008160103855,0.8682545642589912,6938,0,0,0,0,0,0,0,0,0,0,0,0,0,0,0,0,0,0,0,1,0,0,0,1,1,0,0,0,0,1,0,0,1,0,1,0,0,0,1,0,0,0,0,1,0,0,0,0,0,0
-0.6669766923099056,-1.104200838024656,0.8450685175480038,-0.4064410310698906,0.06950952897155958,-1.6321990580232073,0.11302042118643178,-0.3840413446760882,-0.30989478541371207,-0.4069407694941396,-0.6822122713973743,0.9934264298947997,-0.32318859575473563,-0.46926814174133186,1.4234111059072823,0.26220148572713764,0.3052526178296554,10295,0,0,0,0,0,1,0,0,0,0,0,0,0,0,0,0,0,0,0,0,0,0,0,1,1,0,0,0,0,1,0,0,1,0,1,0,0,0,1,0,0,0,1,0,0,0,0,0,0,0
0.1119741892199112,-4.304930967141406e-16,-1.1907783656358242,-0.7278971110065332,-0.2731933578141066,-0.19861159626449149,-0.5523811927250448,0.47531189992284817,1.5265187577786539,0.5638231534737758,-2.380677593599597,0.6510444749441121,-0.32318859575473563,1.3292880966518887,-0.25850150599616695,-0.9407300616948567,-0.6800007884216822,16500,1,0,0,0,0,0,0,0,0,0,0,0,0,0,0,0,0,0,0,0,0,0,0,1,1,0,0,0,1,0,0,0,0,1,1,0,0,0,0,0,1,0,0,0,0,0,0,1,0,0
0.1119741892199112,0.8042744533297908,0.8450685175480038,-0.8564795429811898,-1.4073767212238049,-1.0109778245944319,-1.2569240780430766,-1.1138246987368257,-0.30989478541371207,-0.8692093042407659,-1.332688352240778,-0.09597069949375324,-0.22743787763463985,-0.9453565577865961,0.7926938764434888,0.8636672594381348,1.009005050866325,6692,0,0,0,0,1,0,0,0,0,0,0,0,0,0,0,0,0,0,0,0,0,0,0,1,1,0,0,0,0,1,0,0,1,0,1,0,0,0,1,0,0,0,0,1,0,0,0,0,0,0
0.8909250707497279,0.3801688330288026,-1.1907783656358242,-0.1010577551300792,0.13478626931168483,-0.15082534753920368,-0.7089462783512739,0.2676189871483824,-0.30989478541371207,0.42514259304978785,1.01625305080485,0.7444213717488445,-0.2513755571646637,0.32421255166744195,-0.6789796589720293,-0.18889784455611028,-0.11699884199234645,11549,0,0,0,0,0,0,0,0,0,0,0,0,0,0,0,0,0,0,0,1,0,0,0,1,1,0,0,0,1,0,0,0,0,1,1,0,0,0,1,0,0,0,0,0,0,0,0,1,0,0
1.6698759522795446,-4.304930967141406e-16,-1.1907783656358242,-0.5028778550508824,-0.11000150696379003,0.18367839353783139,-1.4134891636693057,0.6620449774631936,-0.30989478541371207,0.6562768604231011,0.9078403706642816,1.8649441334056411,-0.8019421863552143,1.0912438886292566,-0.25850150599616695,-0.9407300616948567,-0.9615017616363501,14869,0,0,0,0,0,0,0,0,0,0,0,1,0,0,0,0,0,0,0,0,0,0,0,1,0,1,0,0,1,0,0,0,1,0,1,0,0,0,1,0,0,0,0,0,0,0,0,0,1,0
0.8909250707497279,1.2889665908166343,0.8450685175480038,0.12396150082556927,0.1674246394817486,0.13589214481254358,0.19130296399954488,-0.45073172951192586,-0.30989478541371207,-0.4300541962314709,-0.5376620312099508,0.43316504906640063,-0.08381180045449635,-0.04607843858998582,0.7926938764434888,-0.18889784455611028,-0.11699884199234645,13950,0,1,0,0,0,0,0,0,0,0,0,0,0,0,0,0,0,0,0,0,0,0,0,1,1,0,0,0,0,1,0,0,1,0,1,0,0,0,1,0,0,0,0,0,0,0,0,1,0,0
1.6698759522795446,0.8648609705156463,-1.1907783656358242,-0.5993146790318766,-0.4527043937494539,-0.10303909881390906,-1.6483367921086505,-0.3687978281421825,-2.1463083286060782,-1.3314778389873922,1.6048300487117391e-15,1.382255744008825e-15,-0.22743787763463985,-0.07252779503694495,1.8438892588831446,-1.2414629485503552,-1.102252248243684,11845,0,0,0,0,0,0,0,0,1,0,0,0,0,0,0,0,0,0,0,0,0,0,0,1,1,0,0,0,1,0,0,0,0,1,1,0,0,0,0,0,0,1,0,0,1,0,0,0,0,0
0.8909250707497279,1.1980868150378512,-1.1907783656358242,-0.8564795429811898,-1.4073767212238049,-0.7242603322426846,-1.1786415352299635,-1.0852431052357525,-0.30989478541371207,-0.8229824507661033,-1.332688352240778,-0.09597069949375324,-0.22743787763463985,-0.9453565577865961,0.7926938764434888,0.8636672594381348,1.009005050866325,6669,0,0,0,0,0,0,0,0,0,0,0,1,0,0,0,0,0,0,0,0,0,0,0,1,1,0,0,0,1,0,0,0,1,0,1,0,0,0,1,0,0,0,0,1,0,0,0,0,0,0
-0.6669766923099056,-4.304930967141406e-16,0.8450685175480038,2.438445276369397,1.9870137764627793,1.1871896167689366,1.913518905888072,1.2508258035853028,-0.30989478541371207,-0.1758065021208264,0.43805209005515633,-0.2204732285667308,-0.46681467293487916,-0.17832522082478144,-0.25850150599616695,-0.9407300616948567,-0.9615017616363501,12440,0,0,0,0,0,0,0,0,0,0,0,0,0,1,0,0,0,0,0,0,0,0,0,1,1,0,0,0,0,0,1,0,0,1,1,0,0,1,0,0,0,0,0,0,0,0,0,1,0,0
0.8909250707497279,0.3801688330288026,-1.1907783656358242,-0.1010577551300792,0.13478626931168483,-0.15082534753920368,-0.7089462783512739,-0.04296766222994716,-0.30989478541371207,0.42514259304978785,1.01625305080485,0.7444213717488445,-0.2513755571646637,0.32421255166744195,-0.6789796589720293,-0.18889784455611028,-0.11699884199234645,9989,0,0,0,0,0,0,0,0,0,0,0,0,0,0,0,0,0,0,0,1,0,0,0,1,1,0,0,0,1,0,0,0,0,1,1,0,0,0,1,0,0,0,0,0,0,0,0,1,0,0
-0.6669766923099056,-0.5892154419448846,0.8450685175480038,-0.32607701108572995,-0.20791661747397905,-0.2463978449897793,0.19130296399954488,-0.3592706303084914,-0.30989478541371207,-0.4531676229688022,1.01625305080485,-1.93238300332017,-0.32318859575473563,-0.5750655675291684,-0.6789796589720293,-0.18889784455611028,-0.8207512750290162,9233,0,0,0,0,0,0,0,0,0,0,0,0,0,0,0,0,0,0,1,0,0,0,0,1,1,0,0,0,0,1,0,1,0,0,1,0,0,0,0,1,0,0,0,1,0,0,0,0,0,0
0.1119741892199112,0.19840928147123624,-1.1907783656358242,-0.7278971110065332,-0.7546093178225386,-1.0109778245944319,0.26958550681266075,-1.2491109079752392,-0.30989478541371207,-0.7074153170794467,-0.6822122713973743,0.09078309411571309,-0.22743787763463985,-0.918907201339637,0.16197664697969533,0.8636672594381348,0.8682545642589912,6649,0,0,0,0,0,0,0,0,0,0,0,0,1,0,0,0,0,0,0,0,0,0,0,1,1,0,0,0,0,1,0,0,1,0,1,0,0,0,1,0,0,0,0,1,0,0,0,0,0,0
-0.6669766923099056,-0.4680424075731738,0.8450685175480038,-0.2939314030920652,-0.09368232187875698,-0.34197034244036173,0.34786804962577667,-0.4755024438795227,-0.30989478541371207,-0.1758065021208264,-0.03173619055396894,0.6510444749441121,-0.4428769934048553,-0.17832522082478144,0.16197664697969533,0.26220148572713764,0.4460031044369894,8949,0,0,0,0,0,0,0,0,0,0,0,0,1,0,0,0,0,0,0,0,0,0,0,1,1,0,0,0,1,0,0,0,1,0,1,0,0,0,1,0,0,0,0,1,0,0,0,0,0,0
-0.6669766923099056,-1.104200838024656,0.8450685175480038,-0.4064410310698906,0.06950952897155958,-0.34197034244036173,0.11302042118643178,-0.513611235214287,-0.30989478541371207,-0.4069407694941396,-0.6822122713973743,0.9934264298947997,-0.32318859575473563,-0.46926814174133186,1.4234111059072823,0.26220148572713764,0.3052526178296554,8845,0,0,0,0,0,1,0,0,0,0,0,0,0,0,0,0,0,0,0,0,0,0,0,1,1,0,0,0,0,1,0,0,1,0,1,0,0,0,1,0,0,0,1,0,0,0,0,0,0,0
0.8909250707497279,-0.8315615106883065,0.8450685175480038,-0.27785859909523397,-0.23239539510152746,-0.19861159626449149,0.7392807636913505,-0.5212329934812399,-0.30989478541371207,-0.4300541962314709,-0.5376620312099508,0.43316504906640063,-0.08381180045449635,-0.09897715148390408,0.7926938764434888,0.11183504229938833,0.16450213122232146,9995,0,0,0,0,0,0,0,0,0,0,0,0,0,0,0,0,0,0,0,0,1,0,0,1,1,0,0,0,0,1,0,0,1,0,1,0,0,0,1,0,0,0,0,0,0,0,0,1,0,0
0.8909250707497279,2.1371778314186107,-1.1907783656358242,0.34898075678122004,0.18374382456678165,-0.5331153373415265,0.19130296399954488,-0.34021623464110917,-0.30989478541371207,-0.4531676229688022,0.5826023302425797,-1.4343728870282613,-0.3710639548147833,-0.07252779503694495,1.4234111059072823,-0.33926428798385955,-0.2577493285996804,16430,0,0,1,0,0,0,0,0,0,0,0,0,0,0,0,0,0,0,0,0,0,0,0,1,1,0,0,0,0,1,0,0,0,1,1,0,0,0,1,0,0,0,0,0,0,0,0,1,0,0
0.1119741892199112,-0.10452330445804103,-1.1907783656358242,-0.8564795429811898,-1.4073767212238049,-1.0109778245944319,-1.1786415352299635,-0.8489685989602134,-0.30989478541371207,-0.6843018903421154,-1.1158629919596446,0.40203941679815697,-0.6583161091750708,-0.04607843858998582,0.7926938764434888,-0.18889784455611028,-0.11699884199234645,7957,0,0,0,0,1,0,0,0,0,0,0,0,0,0,0,0,0,0,0,0,0,0,0,1,0,1,0,0,1,0,0,0,1,0,1,0,0,0,1,0,0,0,0,0,0,0,0,1,0,0
0.1119741892199112,-0.5286289247590292,-1.1907783656358242,-0.952916366962184,-1.2605040554585214,-0.819832829693267,0.11302042118643178,-1.273881622342836,-0.30989478541371207,-0.8460958775034346,-1.1158629919596446,-0.34497575763970834,-0.32318859575473563,-0.9453565577865961,-0.25850150599616695,0.8636672594381348,1.009005050866325,6795,0,0,0,0,0,0,0,0,1,0,0,0,0,0,0,0,0,0,0,0,0,0,0,1,1,0,0,0,1,0,0,0,1,0,1,0,0,0,1,0,0,0,0,1,0,0,0,0,0,0
0.1119741892199112,-1.4374266825468611,0.8450685175480038,-0.5350234630445472,-1.2931424256285853,-1.1065503220450108,0.26958550681266075,-1.064283270001632,-0.30989478541371207,-0.8229824507661033,-1.0435878718659328,-0.718483344858641,-0.32318859575473563,-1.1040526964683508,-0.6789796589720293,0.8636672594381348,1.009005050866325,6488,0,0,0,0,0,0,0,0,0,0,0,0,0,0,0,0,0,0,0,1,0,0,0,1,1,0,0,0,1,0,0,0,1,0,1,0,0,0,1,0,0,0,0,1,0,0,0,0,0,0
0.8909250707497279,-0.8315615106883065,0.8450685175480038,-0.27785859909523397,-0.23239539510152746,-0.19861159626449149,0.7392807636913505,-0.4850296417132138,-0.30989478541371207,-0.7074153170794467,-1.188138112053356,0.43316504906640063,3.0280865384486146,-0.9453565577865961,-1.3096968884358227,1.7658659200046305,1.572006997295661,9495,0,0,0,0,0,0,0,0,0,0,0,0,0,0,0,0,0,0,0,0,1,0,1,0,0,1,0,0,0,1,0,0,1,0,1,0,0,0,1,0,0,0,0,0,0,1,0,0,0,0
0.1119741892199112,-0.558922183351957,0.8450685175480038,-0.7278971110065332,-0.3547892832392649,-1.0109778245944319,-0.12182720725291309,-1.047134313900988,-0.30989478541371207,-0.7074153170794467,-0.6822122713973743,0.09078309411571309,-0.22743787763463985,-0.918907201339637,0.16197664697969533,0.8636672594381348,0.8682545642589912,7349,0,0,0,0,0,0,0,0,0,0,0,0,1,0,0,0,0,0,0,0,0,0,0,1,1,0,0,0,0,0,1,0,1,0,1,0,0,0,1,0,0,0,0,1,0,0,0,0,0,0
-0.6669766923099056,-4.304930967141406e-16,0.8450685175480038,2.438445276369397,1.9870137764627793,1.1871896167689366,1.913518905888072,1.6319137169329465,-0.30989478541371207,0.5638231534737758,1.3053535311796967,0.8066726362853333,2.549332947848136,-0.2312239337186997,-2.045533656143582,-0.03853140112836097,-0.8207512750290162,13860,0,0,0,0,0,0,0,0,0,0,0,0,0,1,0,0,0,0,0,0,0,0,1,0,0,1,0,0,0,0,1,0,0,1,1,0,0,1,0,0,0,0,0,0,0,1,0,0,0,0
1.6698759522795446,0.8648609705156463,-1.1907783656358242,-0.5993146790318766,-0.4527043937494539,-0.10303909881390906,-1.6483367921086505,-0.3592706303084914,-2.1463083286060782,-1.3314778389873922,1.6048300487117391e-15,1.382255744008825e-15,-0.22743787763463985,-0.07252779503694495,1.8438892588831446,-1.2414629485503552,-1.102252248243684,13645,0,0,0,0,0,0,0,0,1,0,0,0,0,0,0,0,0,0,0,0,0,0,0,1,1,0,0,0,1,0,0,0,0,1,1,0,0,0,0,0,0,1,0,0,1,0,0,0,0,0
